id;conversation_id;created_at;user_id;username;label;tweet
1,56E+18;1,56E+18;2022-08-31 06:58:15 SE Asia Standard Time;1,43E+18;pinem3paska;NEGATIF;@Indostransfer Harapan saya  Agar Di Sumatera Utara, Kalimantan , dan Irian Jaya, Di tayangkan, beberpa pertandingan ini hanya di Jawa, @vidio @PSSI #Liga2
1,56E+18;1,56E+18;2022-08-31 06:54:57 SE Asia Standard Time;968410669;bhaniie_bsf;NEGATIF;@ocehangaluh Haha gimana mau degradasi orang di selametin mulu ama pssi ????
1,56E+18;1,56E+18;2022-08-31 06:53:15 SE Asia Standard Time;116308596;awaveiro;NEGATIF;Detail banget woy, sampe pager betis lompat aja dipikirin, nabung woy @PSSI
1,56E+18;1,56E+18;2022-08-31 06:48:16 SE Asia Standard Time;1,45E+18;loyalisgaruda;NEGATIF;@abdulra55101674 @sahaaat_ @Vand0e @OrenDepok @Persija_Jkt @ganeshaputera @PSSI @pt_lib @Indosiar Bukan tentang datang, tapi tentang resiko yg biasa akan di hadapi klo malam, rawan kecelakaan. Jangan sampe temen temen atau saudara lu yg jd korban karena pertandingan terlalu malam. Baru ngomel ngomel tentang jadwal malam
1,56E+18;1,56E+18;2022-08-31 06:44:19 SE Asia Standard Time;1,27E+18;omah_balbalan;POSITIF;Kenapa sore?   PSSI dan LIB harus tahu ini.
1,56E+18;1,56E+18;2022-08-31 06:41:17 SE Asia Standard Time;1,56E+18;antarajatim_;POSITIF;Ketua Umum PSSI Mochamad Iriawan mengatakan ada kemungkinan jumlah stadion untuk Piala Dunia U-20 2023, yang saat ini ditetapkan enam stadion, akan dikurangi.   https://t.co/JFHIRStwZu
1,56E+18;1,56E+18;2022-08-31 06:39:49 SE Asia Standard Time;1,21E+18;hudlatif;NEGATIF;@PSSI Jam tayang terlalu malam rubah dan evalusai,kenapa bungkam kamu min? Mau berapa lagi jatuh korban?
1,56E+18;1,56E+18;2022-08-31 06:20:02 SE Asia Standard Time;73674042;kompasbola;POSITIF;Sudah Temukan Sponsor, PSSI Pastikan Piala Indonesia 2022-2023 Siap Digelar  https://t.co/WY792xwFaN
1,56E+18;1,56E+18;2022-08-31 06:14:57 SE Asia Standard Time;1,54E+18;wahyu28799607;NEGATIF;@Harian_Jogja Kepada yg terhormat @PSSI Bekukan saja psim jogja, konsekuensi dari supporternya, Sudah beberapa nyawa mereka hilangkan!!   Tidak ada sepakbola seharga nyawa manusia!! Tidak ada keadilan, tidak ada perdamaian!!
1,56E+18;1,56E+18;2022-08-31 06:05:59 SE Asia Standard Time;1,48E+18;detik_sulsel;POSITIF;Flare-Smoke Bomb Jadi Momok PSM Makassar Didenda Komdis PSSI  https://t.co/Lrg3Kxdgx9
1,56E+18;1,56E+18;2022-08-31 06:04:08 SE Asia Standard Time;71436318;kompastv;POSITIF;Usai Inspeksi FIFA, PSSI: Ada Kans Stadion Piala Dunia U20 Dikurangi  https://t.co/2Kd8T8Xsl6  https://t.co/WcZ267YY36
1,56E+18;1,56E+18;2022-08-31 05:58:08 SE Asia Standard Time;1,45E+18;loyalisgaruda;NEGATIF;@Yanadr08 @OrenDepok @Persija_Jkt @ganeshaputera @PSSI @pt_lib @Indosiar Ga jalas bgt pikir sumbu pendek
1,56E+18;1,56E+18;2022-08-31 05:53:23 SE Asia Standard Time;1,27E+18;abdulra55101674;POSITIF;@sahaaat_ @Vand0e @OrenDepok @Persija_Jkt @ganeshaputera @PSSI @pt_lib @Indosiar nah,kan yg dtng bkn dri jakarta doang, mungkin panitia berpikir, supaya yg dri jauh gk terlambat, maka maenya agak mlm??????
1,56E+18;1,56E+18;2022-08-31 05:40:34 SE Asia Standard Time;262026799;msnindonesia;POSITIF;PSSI: Ada Kemungkinan Stadion Piala Dunia U-20 Dikurangi  https://t.co/I6VGvAtmKW
1,55E+18;1,55E+18;2022-07-31 06:56:06 SE Asia Standard Time;606963577;cup_11;NEGATIF;"Promosi 2012, 2013 sdh di kasta tertinggi Liga. Masa iya terkait hal ini ga dipersiapkan &amp; di perbaiki.  Ayolah Pak @HasnurSulaiman  msa iy sekelas @PSBaritoPutera yg sdh di katakan profesional,terkait ticketing gini trs.   Cc:@pt_lib @Liga1Match @PSSI @Indostransfer @MafiaWasit"
1,55E+18;1,55E+18;2022-07-31 06:31:17 SE Asia Standard Time;3278482676;hbhendro;NEGATIF;Aturan kompetisi kan sdh diketahui dari awal.Semua tim tentu ingin menang.P Ketum @PSSI mestinya punya strategi.Syarat jadi juara AFF:kalahkan Vietnam dan Thailand.Mngp tdk mampu? Kapan ranking kita bisa seperti Vietnam:97?Kerja keras,bukan dgn uring2an.  https://t.co/eTIHNiU7ny
1,55E+18;1,55E+18;2022-07-31 06:24:33 SE Asia Standard Time;9,43E+17;bolatimesdotcom;POSITIF;Respons PSSI usai AFF Nyatakan Vietnam dan Thailand Tak Langgar Fairplay di Piala AFF U-19 2022  https://t.co/1PV372WA94
1,55E+18;1,55E+18;2022-07-31 06:14:25 SE Asia Standard Time;1,01E+18;1908brown;NEGATIF;@MafiaWasit Tp kok iso ra jalan mbah selain emng dr pssi nya sndri ndak mau memfasilitasi,nunggak gaji dll
1,55E+18;1,55E+18;2022-07-31 06:07:31 SE Asia Standard Time;358142158;ibel_jo;POSITIF;@tempodotco langkah AFF sudah sesuai prosedur, Alhamdulillah PSSI menghormati keputusan AFF. Sy rasa tidak perlu didramatisir. Semua sudah clear.
1,55E+18;1,55E+18;2022-07-31 05:46:54 SE Asia Standard Time;2911181917;rctvcirebon;POSITIF;Mempersiapkan kompetisi PSSI Liga 3 Seri 2, Coach Satria Nurzaman membuka pendaftaran pemain baru Pesik. Para pendaftar mengikuti proses... -  https://t.co/n2hFTXTyA1  https://t.co/Ch0z2OxERQ
1,55E+18;1,55E+18;2022-07-31 05:32:18 SE Asia Standard Time;1,50E+18;biang05553051;NEGATIF;@Moerdianto7 @alexandreanov @kudu_piye_neh @amare_guzel @FadjarSidik6 @JafarudinJapra @_vivi4nne @FerdinandHutah4 @KemenPU @PSSI @aniesbaswedan Di kasih data nyata ngeles itu ciri2 cebong
1,55E+18;1,55E+18;2022-07-31 05:26:54 SE Asia Standard Time;1,50E+18;biang05553051;NEGATIF;@Moerdianto7 @kudu_piye_neh @FadjarSidik6 @JafarudinJapra @amare_guzel @_vivi4nne @FerdinandHutah4 @KemenPU @PSSI @aniesbaswedan Dsr cebong balikan fakta
1,55E+18;1,55E+18;2022-07-31 04:45:00 SE Asia Standard Time;85537477;bolanet;POSITIF;AFF Tak Temukan Kecurangan pada Duel Vietnam vs Thailand di Piala AFF U-19, Begini Respon PSSI  https://t.co/TQKmfDkJH6
1,55E+18;1,55E+18;2022-07-31 04:20:00 SE Asia Standard Time;272868021;ekobolobolo;POSITIF;@Upil_Jaran2 Pssi duwe departemen suporter to? Lagi reti ??
1,55E+18;1,55E+18;2022-07-31 03:43:29 SE Asia Standard Time;128937000;arga_novan;POSITIF;@MafiaWasit Ga ada foto ketum pssi sama ga ada berita korupsinya. Ga keren engga!
1,55E+18;1,55E+18;2022-07-31 02:56:21 SE Asia Standard Time;9,91E+17;gucel_id;NEGATIF;@Moerdianto7 @alexandreanov @kudu_piye_neh @amare_guzel @FadjarSidik6 @Biang05553051 @JafarudinJapra @_vivi4nne @FerdinandHutah4 @KemenPU @PSSI @aniesbaswedan anjing peking bacotnya dilakban kalo sipit yg korup
1,55E+18;1,55E+18;2022-07-31 02:47:16 SE Asia Standard Time;205188996;noelmaden;POSITIF;@PSSI Klau soal cuan, organisasi dan pengurus paling depan dan lantang bersuara, tapi klau soal kinerja, kesekian kali,. pencinta sepak bola, jangan mau,.!! masih banyak cara dukung mereka tanpa harus hadir di stadion. semangat Garuda Muda,.!!
1,55E+18;1,55E+18;2022-07-31 01:36:09 SE Asia Standard Time;1,13E+18;kudu_piye_neh;NEGATIF;@Moerdianto7 @alexandreanov @amare_guzel @FadjarSidik6 @Biang05553051 @JafarudinJapra @_vivi4nne @FerdinandHutah4 @KemenPU @PSSI @aniesbaswedan bisa jelaskan mengapa anda diam jika ada hal seperti ini? perlu diingat, itu yang dikorupsi adalah uang rakyat lhoo...????  https://t.co/tiGLjL2Dyv
1,55E+18;1,55E+18;2022-07-31 01:29:06 SE Asia Standard Time;1,13E+18;kudu_piye_neh;POSITIF;@Biang05553051 @Moerdianto7 @JafarudinJapra @FadjarSidik6 @amare_guzel @_vivi4nne @FerdinandHutah4 @KemenPU @PSSI @aniesbaswedan positive thingking saja... mungkin dirinya ingin meminta bantuan ku agar bisa bekerja di kapal korea ??
1,55E+18;1,55E+18;2022-07-31 01:23:15 SE Asia Standard Time;1,13E+18;kudu_piye_neh;NEGATIF;@Moerdianto7 @Biang05553051 @JafarudinJapra @FadjarSidik6 @amare_guzel @_vivi4nne @FerdinandHutah4 @KemenPU @PSSI @aniesbaswedan memangnya orang yang lahir dan besar di papua bakal takut dengan orang sepertimu? belum pernah melihat jerat babi dijadikan jerat manusia? aya ine ??
1,55E+18;1,55E+18;2022-07-31 01:14:00 SE Asia Standard Time;1,16E+18;ahmadri38097578;POSITIF;Majulah sepak bola indoneia dan dewasalah oknum suporter indonesia Dukung dengan hati Jaga dengan hati hati Liga indonesia untuk masyarkat indonesia Bukan untuk oknum perusak dan berfikir egois  @Liga1Match  @PSSI
1,55E+18;1,55E+18;2022-07-31 01:09:49 SE Asia Standard Time;1,20E+18;danielo4dead;NEGATIF;kpk kpi bumn mui KOMINFO dpr pssi mki                 Lawaknya mentri ini #BlokirKominfo
1,55E+18;1,55E+18;2022-07-31 01:02:30 SE Asia Standard Time;1,13E+18;kudu_piye_neh;NEGATIF;@Moerdianto7 @Biang05553051 @alexandreanov @amare_guzel @FadjarSidik6 @JafarudinJapra @_vivi4nne @FerdinandHutah4 @KemenPU @PSSI @aniesbaswedan nih lho negeri para kadrun beserta @LykanHypersport ciptaan mereka ??  https://t.co/IqWN4EU5n1
1,55E+18;1,55E+18;2022-07-30 23:40:18 SE Asia Standard Time;1,54E+18;maungseblay;NEGATIF;"@BjkBoys27 Jelas atuh. Terlepas sagala minus na, skema high pressing &amp; direct football Gomez geunah ditonton.Maen ngotot,fighting spirit ayaan. &amp; nu plg penting berkali2 Gomez mampu nyuarakeun aspirasi &amp; nuansa emosional bobotoh lewat kritikan2na ka manajemen &amp; PSSI. Jajauheun jeung Obet.??"
1,55E+18;1,55E+18;2022-07-30 23:35:54 SE Asia Standard Time;9,20E+17;beler_vijfans;POSITIF;@PSSI kata pak @iriawan84 wasit kita progres kenaikan yg signifikan  Cungur !
1,55E+18;1,55E+18;2022-07-30 23:30:48 SE Asia Standard Time;1,25E+18;moerdianto7;NEGATIF;@Biang05553051 @kudu_piye_neh @FadjarSidik6 @JafarudinJapra @amare_guzel @_vivi4nne @FerdinandHutah4 @KemenPU @PSSI @aniesbaswedan Masih bahas Esemka. Drun itu proyek sby paham drun ????????
1,55E+18;1,55E+18;2022-07-30 23:28:16 SE Asia Standard Time;1956317732;achmatbk23;POSITIF;@Upil_Jaran2 U16 lho Iki ?  Tiket termurah 50?  Semoga tiket e sold out,  seng nonton do luber², Ben PSSI ne do seneng entuk cuan okeh (Umpamane).
1,55E+18;1,55E+18;2022-07-30 23:25:28 SE Asia Standard Time;1,25E+18;moerdianto7;POSITIF;@kudu_piye_neh @alexandreanov @amare_guzel @FadjarSidik6 @Biang05553051 @JafarudinJapra @_vivi4nne @FerdinandHutah4 @KemenPU @PSSI @aniesbaswedan Ya pantas kan mendukung OPM  Pengen viral ya klo you mendukung teroris. Ok. Klo begitu kita putus debat ini gw kagak mau loe ikut campur urusan pemerintahan ????
1,55E+18;1,55E+18;2022-07-30 23:25:22 SE Asia Standard Time;290357371;pein_kikasete;NEGATIF;@ASW08297132 @LayanganKetap @idextratime Soal saran yg bagus biar fans ny ga banyk nuntut gmna bagus ny wat club diem juga gbsa ksh saran paling ujung2 ny jawaban itu2 juga klo ga pelatih ya menegemen klo ga pemain hha kocak emg manusia gpernah puas Nton bola versi q cuma hiburan aj di indo pengurus PSSI ny bnyk scandal
1,55E+18;1,55E+18;2022-07-30 23:20:22 SE Asia Standard Time;1,44E+18;portalsdadotcom;NEGATIF;Elkan Baggott Mengaku Pernah Dicueki PSSI #Timnas  https://t.co/c96S9xFPVB
1,55E+18;1,55E+18;2022-07-30 23:19:07 SE Asia Standard Time;300667053;ohmasgoff;NEGATIF;Initu partai kelompok umur usia muda mbok ben yg nonton sebanyak mungkin orang saja... Tiket satusewu ki demi apa to blogh @PSSI ?
1,55E+18;1,55E+18;2022-07-30 23:17:02 SE Asia Standard Time;1,44E+18;zyanpatra;POSITIF;Camat Lampasi Tigo Nagari Calon Kuat Ketua Askot PSSI Payakumbuh  https://t.co/7mV5dJPI2S
1,55E+18;1,55E+18;2022-07-30 23:00:18 SE Asia Standard Time;1399128192;arenanews1;POSITIF;Respon Surat dari AFF, PSSI Pertimbangkan untuk Gabung ke EAFF - Semua Halaman - Bolasport -  https://t.co/eIZeZKviNk
1,55E+18;1,55E+18;2022-07-30 23:00:18 SE Asia Standard Time;1399128192;arenanews1;POSITIF;PSSI Gugat Fair Play Vietnam Vs Thailand, Puaskah dengan Keputusan AFF? - detiksepakbola  -  https://t.co/NOlkyrwcTB
1,55E+18;1,55E+18;2022-07-30 22:54:21 SE Asia Standard Time;272262295;bangkutribun12;POSITIF;Persija Jakarta vs Persis Solo, dua club pendiri PSSI dijaman penjajahan. Sudah lama tidak bertemu dalam pertandingan karena beda kasta liga dan besok saatnya dua club klasik ini bertemu. Perkara siapa yang menang/kalah semoga pertandingan berjalan menarik. @Persija_Jkt #COYT
1,55E+18;1,55E+18;2022-07-30 22:46:25 SE Asia Standard Time;1,41E+18;avoxryu;POSITIF;@PSSI Semangat! Menangin ya??
1,55E+18;1,55E+18;2022-07-30 22:33:04 SE Asia Standard Time;94733032;aminsuy;NEGATIF;Nyari duit banget. Apalagi mainnya di Sleman, yg tau sendiri gimana UMR di DIY, selain itu bareng sama kompetisi lagi mainnya. Lucu sekali bapak - bapak @PSSI emang. Prinsipnya cuan cuan cuan
1,55E+18;1,55E+18;2022-07-30 22:19:53 SE Asia Standard Time;509084707;bolahitaid;POSITIF;Pelatih Filipina Puji Fasilitas yang Diberikan PSSI  https://t.co/eoiGlUEcoR
1,54E+18;1,54E+18;2022-06-24 06:50:11 SE Asia Standard Time;9,40E+17;bolaskorcom;POSITIF;Timnas Indonesia targetkan uji coba lawan tim peringkat 100 besar FIFA.  #bolaskorcom #timnasindonesia #pssi #fifa     https://t.co/RRflRGZyVF
1,54E+18;1,54E+18;2022-06-24 06:38:56 SE Asia Standard Time;1,27E+18;omah_balbalan;NEGATIF;"Selamat pagi PSS, PSIS, dan PSSI  Ketika petinggi klub masih bisa duduk nyaman di tribun dan kursi Exco PSSI, saat pemain lainnya masih bisa merumput di Liga Indonesia, dia yang sama-sama terlibat ""sepak bola gajah"" harus menjadi pesakitan seumur hidup.    https://t.co/9Wg7QAWzdd  https://t.co/q6iWc7iHsK"
1,54E+18;1,54E+18;2022-06-24 04:29:31 SE Asia Standard Time;1,46E+18;kakaklap;NEGATIF;Iwan Bule Dukung STY Targetkan Juara AFF U-19  https://t.co/NTUyysTUl3 #timnasday #iwanbuleout #PSSI
1,54E+18;1,54E+18;2022-06-24 02:46:46 SE Asia Standard Time;1,44E+18;zyanpatra;POSITIF;Ketum PSSI Sebut Stadion Segiri Samarinda Layak Gelar Laga Uji Coba Timnas Indonesia  https://t.co/zAwm4IwhwF
1,54E+18;1,54E+18;2022-06-24 02:45:18 SE Asia Standard Time;8,24E+17;klikwarta_com;POSITIF;Hari Ke 4 Piala Kasad Santri PSSI Kodim 0801/Pacitan Berlangsung Sengit  https://t.co/ZNCW3IOIxV
1,54E+18;1,54E+18;2022-06-24 02:11:10 SE Asia Standard Time;8,24E+17;klikwarta_com;POSITIF;Polkes 05.09.11 Pacitan Ikut Sukseskan Piala Kasad Liga Santri PSSI Tahun 2022  https://t.co/4az90dh6EM
1,54E+18;1,54E+18;2022-06-24 01:36:25 SE Asia Standard Time;1,43E+18;optikaid;POSITIF;PSSI Umumkan 26 Pemain Ikut TC Timnas Wanita di Jakarta   https://t.co/bmqsgKOOG5
1,54E+18;1,54E+18;2022-06-24 01:10:21 SE Asia Standard Time;9,80E+17;danisbaghti_;NEGATIF;@AlionelMessi_ Ambil alih pssi
1,54E+18;1,54E+18;2022-06-24 01:08:07 SE Asia Standard Time;1595718109;dzhudaa;POSITIF;@idextratime Jan aneh2 ya pssi ke sty pls
1,54E+18;1,54E+18;2022-06-24 01:07:18 SE Asia Standard Time;1,21E+18;pragmatic90ofc;POSITIF;PSSI - Timnas Indonesia berhasil naik 4 peringkat atau 20 peringkat sejak Shin Tae yong menjadi pelatih ????  Kini pun berada diperingkat ke 155 dunia dan yang ke 5 di ASEAN ????  Semoga makin bertambah dengan kehadiran pelatih tersebut ya genks ????  https://t.co/EWEQ5szbyv
1,54E+18;1,54E+18;2022-06-24 01:00:38 SE Asia Standard Time;1,48E+18;ambo_dale89;POSITIF;@PSSI @BaliUtd @PSM_Makassar Jadwal persib min
1,54E+18;1,54E+18;2022-06-24 00:47:50 SE Asia Standard Time;308357084;arfngnwn;NEGATIF;@PSSI @BaliUtd @PSM_Makassar Kalo jadwal pertandingan liga mana min?
1,54E+18;1,54E+18;2022-06-24 00:41:13 SE Asia Standard Time;202396262;chevramli;POSITIF;@FOS_PERSIJA Ya emang kalah... Tapi cuma pramusim...yang bikin bangga cuma ada kata presidennya aja dipialanya.. Coba kalo pakenya , piala ketua Pssi mungkin lebih baik pake siswa SSB
1,54E+18;1,54E+18;2022-06-24 00:30:02 SE Asia Standard Time;9,67E+17;genpi_co;POSITIF;Ketua Umum PSSI Mochamad Iriawan pasrah mengenai proses naturalisasi Timnas Indonesia, yang mana membuat Shin Tae Yong bisa bebas leluasa. #Timnas  https://t.co/XjzncHbKVr
1,54E+18;1,54E+18;2022-06-23 23:19:44 SE Asia Standard Time;707355578;beritariaucom;POSITIF;PSSI dan LaLiga Spanyol Lakukan Pertemuan Terkait Rencana Pengembangan Sepakbola   https://t.co/fLcpvnOM50
1,54E+18;1,54E+18;2022-06-23 22:42:25 SE Asia Standard Time;546977610;derimubarok;NEGATIF;@idextratime @PSSI Stadion di indonesia banyak kok yang udah bagus, kok itu mulu yang di pake kalo ada event
1,54E+18;1,54E+18;2022-06-23 22:38:23 SE Asia Standard Time;3062188777;chris_azura;NEGATIF;@frisyaf_ @OpiFooty_id @raianrizaru @UpdateBolabola @PSSI Provinsi lain berlomba² bikin stadion biar ada proyekan, Sulawesi kok masih sepi hehe
1,54E+18;1,54E+18;2022-06-23 22:29:15 SE Asia Standard Time;1,29E+18;_andirisu;NEGATIF;@idextratime Klo percaya proses jangan percaya @PSSI
1,54E+18;1,54E+18;2022-06-23 22:22:55 SE Asia Standard Time;2487673759;achmaddd____;POSITIF;@PSSI @BaliUtd @PSM_Makassar semoga 2 wakil indonesia bisa menang semua
1,54E+18;1,54E+18;2022-06-23 22:21:00 SE Asia Standard Time;9,40E+17;bolaskorcom;POSITIF;Ranking FIFA: Posisi Indonesia naik ke peringkat 155.  #bolaskorcom #fifa #timnasindonesia #pssi    https://t.co/43sZB442Nl
1,54E+18;1,54E+18;2022-06-23 21:48:09 SE Asia Standard Time;1,25E+18;theoopngstu;POSITIF;@buletsarimurni @idextratime @PSSI Lebih sepi bang kalo siang, kalo masalah peraaatan kaya nya sih ada yg jaga jadi aman,....soalnya kalo mau ke pemda kab. Bekasi keliatan tuh stadionnya  Termasuk stadion yg bagus bentukannya, standar fifa juga, tinggal nunggu tim persipasi maen di liga 1 kekurangannya mah
1,54E+18;1,54E+18;2022-06-23 21:44:54 SE Asia Standard Time;3254699587;kan9_batag0r;POSITIF;@CNNIndonesia Semoga jadi mualaf tolong dibujuk pak @PSSI
1,54E+18;1,54E+18;2022-06-23 21:43:59 SE Asia Standard Time;7,75E+17;buletsarimurni;POSITIF;@theoopngstu @idextratime @PSSI Iya kah bang udah ga kerawat? Beberapa taun terakhir emang jarang bgt dipake buat event timnas sih
1,53E+18;1,53E+18;2022-05-31 06:59:57 SE Asia Standard Time;481775958;ashimkhair;POSITIF;@Riyaldi_maul @MafiaWasit @bintangemon @iriawan84 lu terlalu lugu bray kalau mikir jadi ketum PSSI itu merugikan. Lu liat ketum2 PSSI 5-10 tahun terakhir. Yang satu jadi Gubernur, yang satu jadi ketua DPD  Kalau lu kira Iwan Bule cuma mau hepi2 jadi Ketum PSSI, tunggu sampe lu ketemu spanduk beliau di Jawa Barat ??
1,53E+18;1,53E+18;2022-05-31 06:58:37 SE Asia Standard Time;137160793;zulf_intheair_;POSITIF;@mfatahilahakbar Kegocek bang, wasit mafia itu gak kesana tujuannya, cuma ningkatin enggement aja dia, relate aja sama dia bahasnya PSSI ??
1,53E+18;1,53E+18;2022-05-31 06:58:06 SE Asia Standard Time;7,12E+17;cepatkali;POSITIF;@MafiaWasit @bintangemon @iriawan84 @PSSI Pelatih timnas  yg gk asal pilih , dari segi permainan yimnas juga udah lumayan oke, Kompetisi yg mulai rapih, lapangan dan infrastruktur yg sudah baik, udah mulai jauh dari politik, klonmasihbada kekurangan mah wajar lah.. pelan2 menuju perbaikan
1,53E+18;1,53E+18;2022-05-31 06:57:50 SE Asia Standard Time;9,25E+17;indigoingbanana;POSITIF;@SiaranBolaLive Gw perginya bukan join PSSI kok, tenang aja..
1,53E+18;1,53E+18;2022-05-31 06:55:29 SE Asia Standard Time;47274731;okezonenews;POSITIF;PSSI Buka Peluang Indonesia Jadi Tuan Rumah Piala Asia 2023, Timnas Indonesia Otomatis Lolos ke Piala Asia 2023! #LengkapCepatBeritanya #Bola #SepakBola #SepakbolaDunia #BolaDunia .  https://t.co/FBrWYwtOYV
1,53E+18;1,53E+18;2022-05-31 06:54:50 SE Asia Standard Time;9,49E+17;romanistitri;NEGATIF;@t10nugroho @PSSI gak becus krja, pecat aja semuanya
1,53E+18;1,53E+18;2022-05-31 06:53:53 SE Asia Standard Time;7,12E+17;cepatkali;POSITIF;@MafiaWasit @bintangemon @iriawan84 Kadang2 heran sama pencinta bola indonesia.. apa gk bisa liat kemajuan2 yg ada sekarang ya?? Gelar juara blm ada memang tapi sekarang tuh @PSSI  di bawah pak @iriawan84  sudah jauh lebih mending dari pada edisi sebelum2 nya...  dari timnas yg berjenjang dan jelas..
1,53E+18;1,53E+18;2022-05-31 06:52:55 SE Asia Standard Time;17128975;cnnindonesia;POSITIF;Top 3 Sports: PSSI Ganti Nama Rans, Pattynama Tiba di Jakarta  https://t.co/afNpt7jbHV
1,53E+18;1,53E+18;2022-05-31 06:52:52 SE Asia Standard Time;479443570;translatorjemah;POSITIF;@mfatahilahakbar Padahal akar masalah di pembuatan kebijakan adalah si pembuat kebijakan tidak mengalami sendiri apa yang kelak bakal terkena kebijakan yang dia buat. Jadi emang ketua PSSI harus mantan pemain bola. Pembuat kebijakan KRL hrs ANKER, bukan yg ke mana² nyaman dgn mobil pribadi.
1,53E+18;1,53E+18;2022-05-31 06:52:30 SE Asia Standard Time;1,04E+18;mkfariz;POSITIF;kan PSSI orang hebat semua, masak gaada kenalan kek atau apa, kok ribet banget
1,53E+18;1,53E+18;2022-05-31 06:52:17 SE Asia Standard Time;67179484;simonenoconte;POSITIF;@sobattoxic Bener juga yah, harus jago nendang kalo mau jd ketua PSSI  *uhuk
1,53E+18;1,53E+18;2022-05-31 06:51:43 SE Asia Standard Time;3188392104;football5star;POSITIF;22 Klub Resmi Ganti Nama di Kongres PSSI, Termasuk 4 dari Liga 1  #Berita #LigaIndonesia   https://t.co/q6sNtOjEZX
1,53E+18;1,53E+18;2022-05-31 06:51:20 SE Asia Standard Time;1,23E+18;abdiq95;POSITIF;@PSSI @PSSI kalah kok terus²an!
1,53E+18;1,53E+18;2022-05-31 06:49:50 SE Asia Standard Time;3305836004;abahnues;POSITIF;@PSSI piye kabare naturalisasi?
1,53E+18;1,53E+18;2022-05-31 06:48:16 SE Asia Standard Time;2956050757;jerukangetes;NEGATIF;@PSSI Bubarin ae bikin schedule aja gabisa
1,53E+18;1,53E+18;2022-05-31 06:47:25 SE Asia Standard Time;1,24E+18;shulhirinjani;NEGATIF;@wellysanopy pernah mengikuti pelatihan di eropa atau negara maju sepakbolanya ? ataukah sebatas pengalaman berorganisasi saja ?  bahkan tak ada satupun pemain/pelatih profesional yang menjadi anggota PSSI itu sendiri, isinya hanya mereka yg memiliki kepentingan politik bahkan motif ekonomi.
1,53E+18;1,53E+18;2022-05-31 06:45:16 SE Asia Standard Time;1,24E+18;shulhirinjani;POSITIF;@wellysanopy benar.. pada pemilihan 2019-2023 bakal calon harus punya riwayat aktif mengurus sepak bola di lingkungan PSSI alias bukan sekedar aktif di kegiatan sepak bola. problemnya sama.. aktif di PSSI syaratnya apa saja ? punya sertif melatih ? pengalaman bermain di liga profesional ?
1,53E+18;1,53E+18;2022-05-31 06:44:48 SE Asia Standard Time;1,48E+18;mannul9;NEGATIF;@argayudha27 @Abbas42649462 @Sinyodevara1 @PSSI Ngapunten mas, mgkin akses jalan yg blum ?????? mgkin it yg jadi pertimbangan
1,53E+18;1,53E+18;2022-05-28 06:59:52 SE Asia Standard Time;1,52E+18;bastians__;POSITIF;@bonekcasuals @PSSI Baru lihat di youtube, ini keren banget tempatnya!
1,53E+18;1,53E+18;2022-05-28 06:59:49 SE Asia Standard Time;2264056920;dmmilanisti;NEGATIF;@vocketfcID Klo ngk bisa ngurus PSSI mending mundur ajalah gitu aja koq repot
1,53E+18;1,53E+18;2022-05-28 06:59:30 SE Asia Standard Time;1,18E+18;micky_wiin;POSITIF;@vocketfcID @PSSI biasanya gua ga usah booking lapangan langsung Dateng aja
1,53E+18;1,53E+18;2022-05-28 06:59:17 SE Asia Standard Time;1,04E+18;teguhalifns;NEGATIF;@coachitucoach @nur_ahmedd @PSSI @iriawan84 Dikira dengan fasilitas and kompetisi liga indo yg berantakan ditambah pembinaan usia muda yg gajelas bisa masuk pildun gitu aja wkwkwk
1,53E+18;1,53E+18;2022-05-28 06:59:12 SE Asia Standard Time;1,52E+18;fajarpwtn;POSITIF;@nur_ahmedd @PSSI @iriawan84 Video call pemain dan acara pelepasan arhan ke Jepang adalah tujuan utama saya
1,53E+18;1,53E+18;2022-05-28 06:58:29 SE Asia Standard Time;1,41E+18;harun_sahrudin;NEGATIF;@vocketfcID Bagus lah di umbar ke sosmed biar tau kinerja PSSI ga becus....hal semacam ini aja ga becus..
1,53E+18;1,53E+18;2022-05-28 06:57:20 SE Asia Standard Time;8,61E+17;mromadhoni_;NEGATIF;@vocketfcID Urusan publik ya harus diumbar dong ngab @PSSI gimana sih? Kecuali kalau itu urusan rumah tangga ndan bule ya gaperlu diumbar. Bisa bedain urusan private sama publik ga?
1,53E+18;1,53E+18;2022-05-28 06:57:01 SE Asia Standard Time;1307698332;erwinbawink;NEGATIF;@detiksport Mau siapapun pelatihnya,,bakal tetap seperti ini karena harus diakui mental kita belum sampai level minimal seperti Thailand atau Vietnam,,baik dari pemain dan official sampai manajemen dan pengurus PSSI nya
1,53E+18;1,53E+18;2022-05-28 06:55:44 SE Asia Standard Time;1,24E+18;agoes19757148;NEGATIF;@PSSI Infrastruktur mohon di perhatikan,
1,53E+18;1,53E+18;2022-05-28 06:54:57 SE Asia Standard Time;1,05E+18;fajarhilyan;NEGATIF;@vocketfcID @PSSI sekelas timnas itung2an bgt sama untung rugi. Blok!! Sat!! Apa salahnya booking satu hari dari jauh2 hari khusus buat timnas latihan. Masa setiap latihan kudu antri dulu sama yg cuma fun football. @iriawan84 gimana sih, pak ketum!
1,53E+18;1,53E+18;2022-05-28 06:54:31 SE Asia Standard Time;247622507;bonekgl;NEGATIF;disuruh diem gitu? biar @PSSI gak malu?
1,53E+18;1,53E+18;2022-05-28 06:54:25 SE Asia Standard Time;1,21E+18;pillun7;NEGATIF;@kemalpalevi @PSSI Kebanyakan masuk kantong sendiri jadi lupa booking lapangan.Mintanya juara terus
1,53E+18;1,53E+18;2022-05-28 06:54:14 SE Asia Standard Time;202110561;fidisini;POSITIF;"@adjisdoaibu @PSSI Ibarat lo mau nikah, venue salah tanggal. Tapi fotografer dengan kemeja putih d gulung &amp; celana coklat udh siap."
1,53E+18;1,53E+18;2022-05-28 06:54:09 SE Asia Standard Time;1,37E+18;upinipin1989;POSITIF;@vocketfcID Ada ig sekjen pssi gak. Mau silahtuhrahmi bentar
1,53E+18;1,53E+18;2022-05-28 06:53:56 SE Asia Standard Time;431463846;milanistiori;POSITIF;@bonekcasuals PSSI LG CAPER..Ben entok bantuan bikin TC..
1,53E+18;1,53E+18;2022-05-28 06:53:40 SE Asia Standard Time;1417640172;ujangfajar2;POSITIF;@AREAJULID info cara jadi ketua pssi? setidaknya saya berani agar terlihat berguna wkwkwk
1,53E+18;1,53E+18;2022-05-25 06:55:49 SE Asia Standard Time;627103265;jangobi30;POSITIF;@Indostransfer Coba pak menpora dan ketua PSSI mencalonkan diri jadi presiden dan wakil presiden, biar Indonesia jd juara umum sea game l, Asian game dan olimpiade ????
1,53E+18;1,53E+18;2022-05-25 06:52:20 SE Asia Standard Time;213178302;silpanjul;POSITIF;@PorosHalangID Ketum PSSI nih kayak bapak2 eksis yg tiap ada momen foto, angkat jempol tangan
1,53E+18;1,53E+18;2022-05-25 06:51:31 SE Asia Standard Time;936873230;ari_jejjeng;POSITIF;@lopobia_elaine @PSSI Nice. Besok kamu mulai masuk kantor sbg admin baru!
1,53E+18;1,53E+18;2022-05-25 06:47:29 SE Asia Standard Time;1,25E+18;ballboysp;POSITIF;@ilhamin_br @PSSI Jawaban ente mewakili ??
1,53E+18;1,53E+18;2022-05-25 06:45:01 SE Asia Standard Time;1,18E+18;the_trooper_12;NEGATIF;@PSSI Tidak ada satu foto pun yang lolos...
1,53E+18;1,53E+18;2022-05-25 06:40:28 SE Asia Standard Time;8,73E+17;akupepp;POSITIF;@irfanfauzi__ @PSSI Mandala msh terlalu jelek bagi vietnam ?? kasih lapangan jambidan aja cukup
1,53E+18;1,53E+18;2022-05-25 06:38:27 SE Asia Standard Time;4902248587;gatanrh;NEGATIF;Menpora dan PSSI ini haus pujian bener yakk, aliss norakkkk
1,53E+18;1,53E+18;2022-05-25 06:37:55 SE Asia Standard Time;9,49E+17;hafidzfauzan4;NEGATIF;@MafiaWasit Motivasi dari Ketum PSSi masih kurang,butuh motivasi dari Menpora yang gak muda
1,53E+18;1,53E+18;2022-05-25 06:33:04 SE Asia Standard Time;46557367;fvdhail;NEGATIF;bisa asal yang ngurus bukan PSSI
1,53E+18;1,53E+18;2022-05-25 06:27:29 SE Asia Standard Time;310831889;jengjet123;NEGATIF;@PSSI Cringe dan awkward gak ya pemain2nya sama STY digituin sama ketum pdhl banyak kurang sana sini. Hehehe
1,52E+18;1,52E+18;2022-05-04 02:05:04 SE Asia Standard Time;1,48E+18;ahmadmukotib;NEGATIF;@PSSI Salah milih pemain sty n Indra safri
1,52E+18;1,52E+18;2022-05-04 02:04:18 SE Asia Standard Time;1,48E+18;ahmadmukotib;NEGATIF;@PSSI Materi pemainnya kurang bagus g bakalan s juara
1,52E+18;1,52E+18;2022-05-04 01:03:10 SE Asia Standard Time;1,26E+18;regginareyre;POSITIF;@PSSI Apapun hasilnya , kalian selalu sehat dalam lindungan-NYA . AAMIIN
1,52E+18;1,52E+18;2022-05-04 00:56:06 SE Asia Standard Time;1,41E+18;nindyaraya;POSITIF;@PSSI Good luck garuda muda
1,52E+18;1,52E+18;2022-05-04 00:53:23 SE Asia Standard Time;1,26E+18;regginareyre;POSITIF;@PSSI Jaga kesehatan sampai akhir
1,52E+18;1,52E+18;2022-04-30 06:10:46 SE Asia Standard Time;1,42E+18;djannuuu;POSITIF;@Mah5Utari @YUDISUSI Teu jadi degradasi ceunah bah di selamatkeun ku pssi ????  https://t.co/UX25bBbzeo
1,52E+18;1,52E+18;2022-04-30 05:39:54 SE Asia Standard Time;1901591046;direktoridosen;POSITIF;Mungkin Chiesa bisa disuruh rawat jalan di PSSI ya min @JCIndonesia   ??
1,52E+18;1,52E+18;2022-04-30 04:52:27 SE Asia Standard Time;3261530570;ych_man;POSITIF;@PSSI Semoga di Sea Games nanti tidak jadi sekadar “tim berproses” lagi…
1,52E+18;1,52E+18;2022-04-30 04:50:44 SE Asia Standard Time;8,39E+17;didibonek;NEGATIF;@Bolanet Sudah dari jaman penjajah belanda PSSI selalu gembosi @persebayaupdate
1,52E+18;1,52E+18;2022-04-30 04:43:52 SE Asia Standard Time;2363027508;pssi;POSITIF;Tim U-23 Indonesia telah tiba di tanah air. ??????  Setibanya di Jakarta, Garuda Muda akan melaksanakan pemusatan latihan dan berlebaran di ibu kota sebelum bertolak ke Vietnam untuk beraksi pada gelaran SEA Games 2021.  #KitaGaruda #MeraihImpian  https://t.co/jzyKeBJs0y
1,52E+18;1,52E+18;2022-04-30 04:10:08 SE Asia Standard Time;1166215934;purbosatrio;POSITIF;Refrensi Naturalisasi kaya Bergson Johor sekalian tuh min, scouting ke Liga-liga 1 atau 2 Brazil jangan model Osas saha :/  @PSSI
1,52E+18;1,52E+18;2022-04-30 01:47:16 SE Asia Standard Time;1,25E+18;10969taufik;NEGATIF;@TsamaraDKI Mbak Tsamara gak niat masuk @PSSI ?
1,52E+18;1,52E+18;2022-04-30 01:43:52 SE Asia Standard Time;1,45E+18;elviasusanti5;POSITIF;20 Pemain Timnas Indonesia U-23 Telah Dipilih untuk SEA Games 2021, Ketum PSSI: Semoga Raih Medali Emas  https://t.co/7NEbEyVaO0 lewat @okezonenews
1,52E+18;1,52E+18;2022-04-30 01:23:09 SE Asia Standard Time;1145528210;isal_anwar20;POSITIF;"Mba libatkan @PSSI krn sk nya terbit dr induk organisasi , @Persija_Jkt hanya menjalankan point2 nya saja. Kalo mau simic di samakan dgn working class  bisa, hanya yg membedakan adala simic punya power dlm socmed &amp; pekerja spt sy kebanyakan engga.??"
1,52E+18;1,52E+18;2022-04-30 01:05:26 SE Asia Standard Time;967386726;de__setiawan;POSITIF;@vocketfcID Wahh seharusnya Koko Ari @persebayaupdate dulu minta bantuan @PSSI biar gak sampai 6 bulan hehe 6 hari paling sembuh atau 4 harian juga udah cukup ya
1,52E+18;1,52E+18;2022-04-30 00:53:11 SE Asia Standard Time;1,29E+18;joeuptudate;POSITIF;@BisKota_ kadang org gak tau gimna yang bawa bus atau truck itu btuh effort buat gas atw rem yg mn btuh waktu  byangin aj truck yg bnyak brng trus lu potong pssi dia udh jalan 40km/jam mesti ddakan rem krn di potong, krn dia buat effort gasnya lg bsa butuh 5-10 menit bgtu juga dgn bus kdg
1,52E+18;1,52E+18;2022-04-29 22:09:46 SE Asia Standard Time;3329126269;12ebelia;NEGATIF;@ricky_frianto @MarceloRiyadhi @tmpbcot @Indostransfer Klok minta gaji full, tapi ketentuan pssi gaji 25 %. Kalo ga mau ya pergi. Sama kayak simic ga digaji full, ga mau ya pergi? Ga di gajinya di mana?
1,52E+18;1,52E+18;2022-04-29 22:09:28 SE Asia Standard Time;1,17E+18;avitzena;POSITIF;@theabdulhadi Mungkin PSSI Austria satu visi dan misi sama rangnick. Ga perlu liat hasil di atas lapangan. Dulu juga Mourinho ancur pas nanganin Tottenham setelah dipecat langsung diboyong roma
1,52E+18;1,52E+18;2022-04-29 22:07:58 SE Asia Standard Time;7,54E+17;ketum_pssi;POSITIF;@ubiikopong tepe tidak perlu main twitter untuk jadi artis twitter  the golden way ??
1,52E+18;1,52E+18;2022-04-29 22:01:22 SE Asia Standard Time;2794327166;mafiawasit;POSITIF;Bar Bakdan Kongres PSSi, semoga ga dilaksanakan via Zoom! #RinduGuling
1,52E+18;1,52E+18;2022-04-29 21:57:07 SE Asia Standard Time;2934277890;waraslahnkri;NEGATIF;Stadion model jamur ... Semoga tim nas bisa ikut piala dunia...????????????  @PSSI  https://t.co/MJCvP8Wayi
1,52E+18;1,52E+18;2022-04-29 21:53:02 SE Asia Standard Time;1,42E+18;hanyakamuusaja;POSITIF;"@Mah5Utari @Liga1Match @PSSI Si aa kuatan galak Sien euy;("
1,52E+18;1,52E+18;2022-04-29 21:48:57 SE Asia Standard Time;1,11E+18;penyuflash;NEGATIF;@himillimeter @MafiaWasit Ohh berarti yang boleh senggol sana sini cuma klub tua? klub pendiri PSSI aja ya? baiklahh..
1,52E+18;1,52E+18;2022-04-29 21:43:12 SE Asia Standard Time;1,04E+18;northernboys27;NEGATIF;Pssi ngurusi ginian ajah kayaknya lebih jago daripada ngurusi bola ??
1,52E+18;1,52E+18;2022-04-29 21:40:38 SE Asia Standard Time;1,51E+18;suporterwaras;NEGATIF;@MafiaWasit Selama ga diatur ya ga salah.. pildun 1x juara jg 1 bintang.. skrg tinggal @PSSI aja ni yg ngatur biar simbah n nitijen ga ngributin teros
1,52E+18;1,52E+18;2022-04-20 05:28:49 SE Asia Standard Time;2156435586;neo_mlugan38;NEGATIF;@Indostransfer Pls jangan ada kompetisi pra musim yg diadakan pssi.. Uda tw fans n manajemen club wakanda banyak tuntutan menang. Pelatih jadi korban pemecatan sebelum liga 1 dimulai. Prakompetisi/ujicoba hanya untuk rekondisi fisik pemain saja, bukan dtuntut  pemain tampil bagus.
1,52E+18;1,52E+18;2022-04-20 05:11:19 SE Asia Standard Time;298969141;amethmildan;POSITIF;"@garagarabola_ Mudah mudahan,,sekelas federasi sepak bola nasional aja tidak bisa menjamin kepastian liga..harusnya ""HARUS"" biar persiapan matang dari skrg,, Harus = Target, mudah2an bentuk ketidak seriusan.. @PSSI"
1,52E+18;1,52E+18;2022-04-20 05:10:36 SE Asia Standard Time;388190238;idntimes;POSITIF;Evaluasi akan terus dilakukan PSSI  https://t.co/uiVkvPFfpL
1,52E+18;1,52E+18;2022-04-20 05:09:34 SE Asia Standard Time;1,12E+18;sangtiga;NEGATIF;@idextratime sebenarnya LIGA ini ada apa nggak sih?  koq semua PSSI  *)edisi_balikKanan
1,52E+18;1,52E+18;2022-04-20 05:06:02 SE Asia Standard Time;73674042;kompasbola;POSITIF;Ketum PSSI: Kickoff Liga 1 Kemungkinan 27 Juli 2022  https://t.co/1auApbMIha
1,52E+18;1,52E+18;2022-04-20 05:04:24 SE Asia Standard Time;484506065;syandiagusta;NEGATIF;@AlionelMessi_ @PSSI Karena minim prestasi
1,52E+18;1,52E+18;2022-04-20 05:04:02 SE Asia Standard Time;1,43E+18;safa_andriana;POSITIF;@NaqBapakIbu Iya tau....tapi kalah Mulu mainnya  Biar bagaimanapun saya tetap support kok PSSI ??
1,52E+18;1,52E+18;2022-04-20 05:02:05 SE Asia Standard Time;71436318;kompastv;POSITIF;PSSI Ultah ke-92, Menpora Zainudin Amali Selipkan Doa untuk Prestasi Timnas  https://t.co/baguJUfUwe  https://t.co/Xb4EYJwmG4
1,52E+18;1,52E+18;2022-04-20 05:02:03 SE Asia Standard Time;155169715;soloposdotcom;POSITIF;Ini Momen Perayaan HUT ke-92 PSSI di SUGBK Jakarta  https://t.co/mpwy7EUOap
1,52E+18;1,52E+18;2022-04-20 05:01:24 SE Asia Standard Time;1,51E+18;pasundacom;POSITIF;Foto: Iwan Bule Pimpin Perayaan HUT Ke-92 PSSI di SUGBK  https://t.co/39YJckFNo6
1,52E+18;1,52E+18;2022-04-20 05:01:24 SE Asia Standard Time;1,51E+18;pasundacom;POSITIF;Foto: Momen Selebritis FC Tundukkan Tim PSSI All Star di SUGBK  https://t.co/ZQmcHmEEOA
1,52E+18;1,52E+18;2022-04-20 04:58:02 SE Asia Standard Time;1,28E+18;rizalsn_13;NEGATIF;@garagarabola_ hoaks. yang pasti dari PSSI adalah ketidakpastian itu sendiri.
1,52E+18;1,52E+18;2022-04-20 04:46:10 SE Asia Standard Time;281953277;mfwsadeli;POSITIF;Wkwkwk kenapa urg gak yakin ya sama pernyataan model begini, meskipun beliau representatif pssi, tapi jigana moal sih
1,52E+18;1,52E+18;2022-04-20 04:44:11 SE Asia Standard Time;1,38E+18;comantaranews;POSITIF;PSSI pastikan tiga pemain Indonesia di luar negeri tampil di SEA Games - ANTARA News Jambi  https://t.co/dBhExcMLX5
1,52E+18;1,52E+18;2022-04-20 04:34:08 SE Asia Standard Time;8,84E+17;kurniawaneri4;POSITIF;@fajar_wm Laporke pssi ne enggres wae bwang, sengojo mbantu ben juara kui
1,52E+18;1,52E+18;2022-04-20 04:32:52 SE Asia Standard Time;153400922;pram_ichanx;POSITIF;Wahai @PSSI . Coba itu bikin surat ke @ManUtd ajakin friendly match sblm Sea Games. Timnas kita butuh lawan seimbang. Terima kasih.
1,52E+18;1,52E+18;2022-04-20 04:25:09 SE Asia Standard Time;1,33E+18;amelamalia2088;POSITIF;PSSI Akan Gulirkan Liga 1 2022/2023 Mulai 27 Juli  https://t.co/XmIzRIjpBL lewat @Kanalnews1 @pt_lib
1,52E+18;1,52E+18;2022-04-20 04:21:26 SE Asia Standard Time;1,49E+18;akunpribadi199;NEGATIF;@AlionelMessi_ @PSSI Lupa ultahnya kayaknya , hampir buruk sih keseluruhannya ups
1,51E+18;1,51E+18;2022-04-01 02:59:25 SE Asia Standard Time;580604479;rskyprmnvndr;NEGATIF;@pradanaerza @Bang_Zulham @doihachiro31 @persipura63 @PSSI Satu musim anjir bapuk malah dicurigai wkwk
1,51E+18;1,51E+18;2022-04-01 01:22:28 SE Asia Standard Time;1,12E+18;sibonar_;POSITIF;@Sport77Official mantap @FIFAcom terinspirasi dari @PSSI
1,51E+18;1,51E+18;2022-04-01 01:22:05 SE Asia Standard Time;236389654;raykairi;POSITIF;@aqfiazfan Coba pas lawan madura gak WO.   Eh iah lupa PSSI padahal udah baik cuman di kurangin 3 poin yang harusnya 9 poin ?????? .
1,51E+18;1,51E+18;2022-04-01 01:18:47 SE Asia Standard Time;1971159085;suhenmovic;POSITIF;@Bang_Zulham @doihachiro31 @persipura63 @PSSI Hahaha persija lawan persiraja aja kalah
1,51E+18;1,51E+18;2022-04-01 01:17:37 SE Asia Standard Time;1,12E+18;ironbla03768574;POSITIF;@jayapuraupdate @RPPBersuara Sangat Setuju , Majemen dalam Hal ini BTM dan Bento Madubun lah Biang kerok nya ...  Pssi, Persib dan Persija tdk salh..
1,51E+18;1,51E+18;2022-04-01 01:07:41 SE Asia Standard Time;1,51E+18;abusuha29627152;POSITIF;PSSI Optimistis Liga 1 Musim Depan dengan Penonton  https://t.co/ZA7xO6B3Ft
1,51E+18;1,51E+18;2022-04-01 00:52:37 SE Asia Standard Time;1,23E+18;lordutam;NEGATIF;@Sport77Official @Indostransfer Yg di sanksi Asia, yg dapet Eropa. Kacau emang federasi sepakbola, jgn heran kalo PSSI seperti saat ini. Wong bapak moyangnya aja gak jelas, statuta main pake seenaknya aja ??
1,51E+18;1,51E+18;2022-04-01 00:31:15 SE Asia Standard Time;1,18E+18;ohmybum11;POSITIF;@adam_levvinne @theflankerID Sisa makassar team timur, semoga tdk kena embel embel sanksi PSSI
1,51E+18;1,51E+18;2022-04-01 00:30:18 SE Asia Standard Time;1,11E+18;mockingbirdx666;NEGATIF;@Masbrunz Anjay Pascha Pinandityo for Ketua PSSI 2030
1,51E+18;1,51E+18;2022-04-01 00:26:09 SE Asia Standard Time;1,33E+18;21beritaterkini;POSITIF;PSSI Optimistis Liga 1 Musim Depan dengan Penonton  https://t.co/S0vcI4eu8g
1,51E+18;1,51E+18;2022-04-01 00:26:09 SE Asia Standard Time;1,35E+18;mediamonitor21;POSITIF;PSSI Optimistis Liga 1 Musim Depan dengan Penonton  https://t.co/0ueLlttXsl
1,51E+18;1,51E+18;2022-04-01 00:26:03 SE Asia Standard Time;1,14E+18;beritabaruco;POSITIF;PSSI Yakin Musim Depan Liga 1 Dihadiri Penonton  https://t.co/YGicfNzaHJ #Liga1Indonesia #LigaIndonesia #PSSI  https://t.co/stG0ApCPQP
1,51E+18;1,51E+18;2022-04-01 00:22:47 SE Asia Standard Time;1,47E+18;broadcastbola;POSITIF;Reporter Asran Shady: Banyak sekali hal-hal diluar dugaan... ??????  Ketua Umum PSSI Mochamad Iriawan: Juli kompetisi mulai lagi.  https://t.co/9vEr4B7AsB
1,51E+18;1,51E+18;2022-04-01 00:19:40 SE Asia Standard Time;1,47E+18;kelvin_287;POSITIF;@idextratime Spaso bilang musim depan pengen hattrick. berarti musim depan BUFC tuan rumah lagi seri 1 sampe seri 5? Benar gak @PSSI ?
1,51E+18;1,51E+18;2022-04-01 00:07:48 SE Asia Standard Time;75540630;raaaflli;NEGATIF;Wkwkwkkwkwkw udh dibilang ga usah lagi percaya dan nonton @Liga1Match @PSSI ??????????????
1,51E+18;1,51E+18;2022-04-01 00:04:37 SE Asia Standard Time;1,51E+18;limapapat;NEGATIF;@iIhamzada Biar sepak bola di urus om dady aja...lebih menarik di lihatnya..PSSI /LIB mah banyak gimic
1,51E+18;1,51E+18;2022-04-01 00:03:04 SE Asia Standard Time;1,07E+18;andreasfd4;NEGATIF;Sepak Bola Gajah, Persib kontra Barito Putra. Kasihan sepak bola Indonesia. Klu demikian kita tdk akan pernah maju.  #PSSI  #koni  #BRILiga1  #BRIMajukanSepakbola  https://t.co/9ACpGagif7
1,51E+18;1,51E+18;2022-03-31 23:58:23 SE Asia Standard Time;3023096556;goonjol;NEGATIF;"@EbesOngis @PSSI Liga yg mengandung jokes alias dagelan LUMAYAN KIPA lah jokes nya mirip"" WARKOP Dono Kasino Indro"
1,51E+18;1,51E+18;2022-03-31 23:41:54 SE Asia Standard Time;17128975;cnnindonesia;POSITIF;PSSI Optimistis Liga 1 Musim Depan dengan Penonton  https://t.co/qYioIljsGP
1,51E+18;1,51E+18;2022-03-31 23:38:44 SE Asia Standard Time;1,43E+18;mbuhraurus;NEGATIF;@MafiaWasit Wahh pssi sekalian dong di benerin
1,51E+18;1,51E+18;2022-03-31 23:32:20 SE Asia Standard Time;64259505;zkif50;NEGATIF;Apakah masih ada mafia di sepakbola kita @PSSI ? bbbrp pertandingan kok dirasa ganjal y?
1,51E+18;1,51E+18;2022-03-31 23:31:14 SE Asia Standard Time;1,33E+18;ardiano211;POSITIF;@YanHarahap Jilatan harus total klw ga byk yg akan gantikn pssi nya??
1,51E+18;1,51E+18;2022-03-31 23:31:05 SE Asia Standard Time;1559334091;sinergia_news;POSITIF;Liga 1 2021/2022 Resmi Berakhir, Kapan Musim Depan Dimulai? Berikut Bocoran Jadwal dari PSSI  https://t.co/WFQH5S5EYN
1,51E+18;1,51E+18;2022-03-31 23:12:47 SE Asia Standard Time;179848528;fadelaliza;NEGATIF;Yang mengatur hak siar liga 1 itu, Lib apa pssi yakk ? Wkwkwkwkwk
1,51E+18;1,51E+18;2022-03-31 23:10:38 SE Asia Standard Time;202136850;aryomw28;POSITIF;Untuk season selanjutnya pssi coba bikin liga 4 bikin 4 kasta seperti rusia dicoba @iriawan84
1,51E+18;1,51E+18;2022-03-31 22:52:15 SE Asia Standard Time;308372640;infoazzurri;NEGATIF;@garagarabola_ @Indostransfer Noted kak. Barusan liat2 di IG PSSI agak rancu sih, gak disebut skemanya.   https://t.co/P6Zwy9mqj9
1,51E+18;1,51E+18;2022-03-31 22:50:44 SE Asia Standard Time;1,17E+18;rizalakbarsya;NEGATIF;@Indostransfer @garagarabola_ nah itu.. gw itu bingung sama sistem pendaftaran pssi ??
1,51E+18;1,51E+18;2022-03-31 22:50:00 SE Asia Standard Time;9,40E+17;bolaskorcom;POSITIF;Ketua Umum PSSI terbuka dengan usulan terkait penerapan kebijakan marquee player untuk Liga 1 musim depan.   #bolaskorcom #pssi #liga1 #bolaindonesia       https://t.co/QQEK18N4EW
1,51E+18;1,51E+18;2022-03-31 22:47:14 SE Asia Standard Time;1,12E+18;budaklembur04;POSITIF;@PutraErlangga95 Mirip PSSI aja nih ada yg bikin PSSI tandingan..????
1,51E+18;1,51E+18;2022-03-31 22:38:48 SE Asia Standard Time;7,37E+17;sukmasajati23;POSITIF;@persikfckediri @PSSI padahal aturan nya jelas tanpa penonton ??????
1,51E+18;1,51E+18;2022-03-31 22:38:28 SE Asia Standard Time;717740486;a_besar33;NEGATIF;"ketum kalian bilang ""Mohon maaf bila ada kekurangan"". LOBBAAAAAAAAAAAAAA anyiiing @PSSI"
1,51E+18;1,51E+18;2022-03-31 22:36:50 SE Asia Standard Time;910682239;nurdinisme;NEGATIF;Ini pot 4 salah satunya nanti Timnas @PSSI ya mbah @MafiaWasit ?
1,51E+18;1,51E+18;2022-03-31 22:36:09 SE Asia Standard Time;149903880;agungsastroo;NEGATIF;@afdhaljamil @idextratime @Liga1Match @PSSI Sengaja disingkirkan kah?
1,51E+18;1,51E+18;2022-03-31 22:35:31 SE Asia Standard Time;1,14E+18;kucingmember;POSITIF;@Indostransfer Moga bener bikin schedulenya disesuaikan dengan jadwal FIFA Yaa @PSSI @iriawan84
1,51E+18;1,51E+18;2022-03-31 22:31:02 SE Asia Standard Time;2339847626;aldieblur;NEGATIF;Tanpa penonton?? Sudah berapa aturan dilanggar sendiri ini @PSSI @pt_lib ??????
1,51E+18;1,51E+18;2022-03-31 22:30:06 SE Asia Standard Time;147481612;impian_sagala;POSITIF;@rykaardb Kayaknya gak karena itu juga bang, kalau karena PSSI, kenapa hanya Persipura yang rusak? Kontribusi terbesar degradasinya Persipura itu ya tentunya dari Manajemen karena gak mampu mengatasi keadaan terpuruk tim. Contohnya waktu blunder lawan Madura United dulu...
1,51E+18;1,51E+18;2022-03-31 22:29:52 SE Asia Standard Time;100458427;hermonjulius;NEGATIF;@epat86_ @AliTaufik1979 @MafiaWasit Iyaak. Gua mikirnya sama kaya gini. PSSI kan regulasi ga jelas. Nanti tiba2 musim depan 20 tim lg aja. Persipura sama Persela kaga jd degradasi ae wkwkw
1,51E+18;1,51E+18;2022-03-31 22:24:57 SE Asia Standard Time;1,47E+18;sedangaktf;POSITIF;@jayapuraupdate Sudah pasti perangkat PSSI dan warga +62 bahagia kalau Persipura ke Liga 2.
1,51E+18;1,51E+18;2022-03-31 22:23:35 SE Asia Standard Time;63341275;surya_anggie;NEGATIF;PSSI demen bgt bikin acara-acara seremonial gitu... sambutan penutup liga lah... ah elah
1,51E+18;1,51E+18;2022-03-31 22:17:30 SE Asia Standard Time;88403814;aldyzlfkr;NEGATIF;Halah Indonesia negara seremonial, penyerahan piala aja isinya sambutan pejabat mejeng doang @PSSI @KEMENPORA_RI ??
1,51E+18;1,51E+18;2022-03-31 22:15:34 SE Asia Standard Time;435982472;faisalramdani23;NEGATIF;Jam 11 malem sempat - sempatnya sambutan @KEMENPORA_RI @PSSI @Liga1Match cuma di negara ini juara kompetisi nunggu orang sambutan duluuuu
1,51E+18;1,51E+18;2022-03-31 22:15:11 SE Asia Standard Time;433862698;frmnto140;NEGATIF;"Namanya juga Liga Indonesia, mau nyerahin piala aja harus nunggu sambutan dr ketua PSSI &amp; Menpora dulu."
1,51E+18;1,51E+18;2022-03-31 22:14:16 SE Asia Standard Time;8,82E+17;taofan_pratama;NEGATIF;@BroadcastBola Kebanyakan sambutan @PSSI .  Terlalu ceremonial pemerintahan ??  Tapi overall selamat untuk Liga 1. Salah satu acara Favorit selama pandemi.  https://t.co/HfMtHXCXGO
1,51E+18;1,51E+18;2022-03-31 22:11:43 SE Asia Standard Time;758543514;xmusaucax;NEGATIF;Gue kaga pernah ngeliat ketua FA atau FIGC atau RFEF baca sambutan sebelum ngasih piala ke yang juara ini ngapain ketua PSSI sambutan ??
1,51E+18;1,51E+18;2022-03-31 22:11:30 SE Asia Standard Time;1629834691;pradanaerza;POSITIF;@Bang_Zulham @doihachiro31 @persipura63 @PSSI Ttaaapi persija kan emang lagi bapuk mainnya dari sebelum”nya juga ????
1,51E+18;1,51E+18;2022-03-31 22:08:47 SE Asia Standard Time;64656130;kakarindingan;POSITIF;@kungtaw_ @bonekcasuals @iriawan84 Iriawan 4 - PSSI 1  Asa skor mengbal...
1,51E+18;1,51E+18;2022-03-31 22:04:41 SE Asia Standard Time;1,17E+18;evocadle;NEGATIF;mundakno ppn gampang teko 10 nnak 11, tp websitemu kyok @PSSI ngene gaisok diakses gateli tenan  https://t.co/cz19fLsz0n
1,51E+18;1,51E+18;2022-03-31 22:03:33 SE Asia Standard Time;62752912;hilmykharisma;POSITIF;Benar adanya bahwa PSSI di atas FIFA wkwkkw
1,51E+18;1,51E+18;2022-03-31 21:55:52 SE Asia Standard Time;2695463725;triwul82;POSITIF;PSSI berkomitmen menjalankan kompetisi dengan protokol kesehatan yang ketat. Selain itu, semua orang yang terlibat di stadion saat pertandingan sudah menjalani vaksin dua kali dan syarat lainnya. #TerimaKasihBRI #SeeYouNextYearBRI #FinalMatchBRI  BankRakyatIndonesia  https://t.co/qZdtr0SAf4
1,51E+18;1,51E+18;2022-03-31 21:54:59 SE Asia Standard Time;1,48E+18;_satyawira_;NEGATIF;@EbesOngis @PSSI Sumpah timnas gak bakal juara
1,51E+18;1,51E+18;2022-03-31 21:53:28 SE Asia Standard Time;1,47E+18;_rakyatmerdeka;POSITIF;Dukung Kelanjutan Liga 1, PSSI Dan LIB Apresiasi BRI  #BRILiga1 #Liga1 #RakyatMerdeka #RMid   https://t.co/m2g5m75tPd
1,51E+18;1,51E+18;2022-03-31 21:45:27 SE Asia Standard Time;2695463725;triwul82;POSITIF;BRI punya visi yaitu, melayani masyarakat seluas mungkin, memasarkan produk, membangkitkan UMKM, membantu PSSI menciptakan timnas, hingga suntikan moral bagi masyarakat di tengah pandemi. #TerimaKasihBRI #SeeYouNextYearBRI #FinalMatchBRI  BankRakyatIndonesia  https://t.co/vgSQg8DC52
1,51E+18;1,51E+18;2022-03-31 21:44:56 SE Asia Standard Time;40234555;arifnurrachmann;POSITIF;@idextratime Kayak Liga 1 dong? Wah tumben PSSI selangkah lebih maju dlam inovasi wkwkw
1,51E+18;1,51E+18;2022-03-31 21:41:18 SE Asia Standard Time;1,17E+18;apriansyah___;NEGATIF;@persikfckediri Yang katanya tanpa penonton, tai @PSSI @pt_lib
1,51E+18;1,51E+18;2022-03-31 06:56:42 SE Asia Standard Time;1,00E+18;pemaintitipan;NEGATIF;Fix gak ada penambahan pemain, regulasinya hanya 20 pemain di Sea Games  @PSSI kapan rilis nama pemain yang dipanggil coach STY?  https://t.co/bwtTr8COBX
1,51E+18;1,51E+18;2022-03-31 05:49:35 SE Asia Standard Time;1,48E+18;bacotinbola;NEGATIF;@MuhammadAulia31 @idextratime Betul, apalagi para pemainnya jebolan dari NIVU semua gk ada pemain dari PSSI
1,51E+18;1,51E+18;2022-03-31 04:46:48 SE Asia Standard Time;1,51E+18;abusuha29627152;POSITIF;The Best! Pemain Liga Inggris Jadi Target Naturalisasi. Shin Tae-Yong Bersama PSSI Segera Bertindak.  https://t.co/ioRdsxOAfA
1,51E+18;1,51E+18;2022-03-31 04:28:07 SE Asia Standard Time;1,35E+18;kodachiiii;NEGATIF;@GOAL_ID Kasian banget. Sampe kiamat gak akan masuk piala dunia, jd jgn terlalu diharapkan. Coba tanya @PSSI ??
1,51E+18;1,51E+18;2022-03-31 03:53:04 SE Asia Standard Time;1,14E+18;beritabaruco;POSITIF;Jelang Penutupan Liga 1, Berikut 6 Pemain Termahal Indonesia  https://t.co/p6oidrzC7E #Liga1 #PemainTermahal #PSSI #TimnasIndonesia  https://t.co/ZQ1QzRdwZD
1,51E+18;1,51E+18;2022-03-31 03:23:29 SE Asia Standard Time;7,14E+17;arie_hariansyah;NEGATIF;@PSSI Timnas kok proses.....proses mah di SSB
1,51E+18;1,51E+18;2022-03-31 02:49:16 SE Asia Standard Time;1035537924;micxieee_;POSITIF;Maaf bukan bermaksud apa, tp pssi kamerun itu konsepnya gimana????????
1,51E+18;1,51E+18;2022-03-31 01:55:45 SE Asia Standard Time;3307647325;arok07_arok;NEGATIF;@FT_IDN Jujur males lihat birokasi di Indonesia yg berbelit2..ne sebernarnya yg salah siapa... Harusnya @PSSI  sudah pernah melakukan naturalisasi knp pemberkasan aja tdk lengkap atau emg ada dokumen tambahan atau revisi ttg aturan naturalisasi... Tlg @jokowi jgn sampai naturalisasi ggl
1,51E+18;1,51E+18;2022-03-31 01:11:47 SE Asia Standard Time;3007310562;ttororo_;POSITIF;Diatas fifa masih ada pssi
1,51E+18;1,51E+18;2022-03-31 01:06:38 SE Asia Standard Time;260700898;nuridaaa13;POSITIF;( ( ( Ketua PSSI Kamerun ) ) ) ??????
1,51E+18;1,51E+18;2022-03-31 01:03:57 SE Asia Standard Time;1,16E+18;dliyaulakmal;NEGATIF;Mbakas PSSI gak ngarah ono entek e, isine wong goblokk tok
1,51E+18;1,51E+18;2022-03-31 00:56:10 SE Asia Standard Time;3165514422;adx9ty;POSITIF;@idextratime Ketua pssi kamerun??????????
1,51E+18;1,51E+18;2022-03-31 00:48:03 SE Asia Standard Time;1,46E+18;panjolssaja;POSITIF;@PSSI Saya heran dgn timnas dari dulu hingga  hari ini siapapun pelatihnya tetap saja TDK bisa merubah kebiasaan ini Kebiasaan membiarkan kawan yg sdg menguasai bola berjuang sendiri TDK ada kawan yg mendukung pergerakannya
1,51E+18;1,51E+18;2022-03-31 00:41:25 SE Asia Standard Time;375442644;arkalyorda;POSITIF;@rodrigosantono 1) Oke versi saya ya biar ga berlarut-berlarut. Setahu saya Arema mulai dualisme sejak kompetisi juga dualisme. Saat itu ada Arema IPL dan Arema ISL. Posisinya IPL dibawah kendali PSSI dibawah Djohar Arifin, sedangkan ISL adalah liga tandingan versi KPSI. Saat itu yg legal IPL.
1,51E+18;1,51E+18;2022-03-31 00:15:13 SE Asia Standard Time;8,00E+17;affpresse;POSITIF;2021/22 BRI Liga 1 - FULLTIME RESULT   Persebaya Surabaya 1-2 Borneo FC  #AFF #PSSI Graphic Courtesy #BRILiga1  https://t.co/aTZ6axeQc7
1,51E+18;1,51E+18;2022-03-31 00:15:02 SE Asia Standard Time;1,28E+18;baihaqy59703820;POSITIF;@idextratime Sejak kpan kamerun ada PSSI, wkwkwk
1,51E+18;1,51E+18;2022-03-31 00:13:00 SE Asia Standard Time;1538769446;luthfiabudzarg;POSITIF;@RAJAMEXlCO @idextratime @PSSI bagus buat referensi
1,51E+18;1,51E+18;2022-03-31 00:10:23 SE Asia Standard Time;977543239;o_kaka22;POSITIF;@MafiaWasit Ketua PSSI Kamerun ini.. Senggol donk.  https://t.co/z5FVE1gqwL
1,51E+18;1,51E+18;2022-03-31 00:08:18 SE Asia Standard Time;1,51E+18;abusuha29627152;NEGATIF;PSSI Dalami Kasus Dugaan Sepak Bola Gajah Bek Liga 3 Bruno Casamir  https://t.co/FayRVsVIVt
1,51E+18;1,51E+18;2022-03-20 06:53:46 SE Asia Standard Time;7,92E+17;grln_07;NEGATIF;@stdsiliwangi deuleu blog! @iriawan84 @PSSI
1,51E+18;1,51E+18;2022-03-20 06:52:02 SE Asia Standard Time;7,54E+17;ketum_pssi;POSITIF;Kalo ga menjalankan dengan niat, jangan pernah mengaharapkan nikmat!
1,51E+18;1,51E+18;2022-03-20 06:33:36 SE Asia Standard Time;8,41E+17;erikogonzales;NEGATIF;@stdsiliwangi Dengan pedenya tah hakim garis gogodeg..neule teu sateh nu najong teh pemain Persebaya..ah urusan jeung duit mah heselah..geus bae..semua iti hanya permainan..jgnkan cm wasit, PSSI dan club..dunia ini pun hanya permainan
1,51E+18;1,51E+18;2022-03-20 06:31:20 SE Asia Standard Time;1,47E+18;alfathhan019;NEGATIF;"@buffonesia28 @maximiliangorky @daffaalmatin @Ramdhaniputrab1 @pahala_broo @idextratime Dlu pas mau ditawarin pssi trus dia lebih milih itali soalnya kans buat pd lebih terbuka, trs Bpk dia pas diwawancara ama media bilang ""mimpi kaleeeee"", gitu ngab setau gua, ya mungkin karna gengsi juga kali dia kan mantan kiper no 3 di juve ??"
1,51E+18;1,51E+18;2022-03-20 06:26:21 SE Asia Standard Time;8,41E+17;erikogonzales;POSITIF;@veteranwedding @PenontonUmum_ @stdsiliwangi @iriawan84 Setuju..bukan hanya pemain club aja yg di sanksi...asa jarang wasit loba salah tp di sanksi..sok mana buktina..bisi we urg teu apal..percuma sigana..siapapun ketua PSSI na kitu2 kenehlah teu rubah2 geus membudayanya..permainan bukan hanya dilapang ternyata
1,51E+18;1,51E+18;2022-03-20 06:23:52 SE Asia Standard Time;1,14E+18;aktualofficial;NEGATIF;Keputusan Asprov PSSI NTT Rekrut Pemain Pinjaman Dikeluhkan  https://t.co/WvjhQjCgHE
1,51E+18;1,51E+18;2022-03-20 06:15:34 SE Asia Standard Time;9,98E+17;yadi28975266;POSITIF;@ruangtaktik Harusnya penggemar spk bola indonesia sadar, kenpa @PSSI  @iriawan84  n sin TY, lebih suka pemain naturalisasi atau yg main di luar negeri. Krn aturan main bola di @Liga1Match  beda dgn aturan fifa. Tapi setidaknya indonesia punya liga sepakbola. @KEMENPORA_RI @DPR_RI @pt_lib
1,51E+18;1,51E+18;2022-03-20 06:14:55 SE Asia Standard Time;8,41E+17;erikogonzales;NEGATIF;@BaliUtd Ah cuma permainan woyy..jgn kan gt dunia ini aja hanya permainan,,komo PSSI atuh haha
1,51E+18;1,51E+18;2022-03-20 06:00:39 SE Asia Standard Time;1,01E+18;agung_santoso99;NEGATIF;@stdsiliwangi Wkwkwkwkw.... @PSSI  terjadi lagi lhoo.... ngene pyee meh maju persepakbolaan indonesia? @PSSI  woii, ngel men koyone yaa kerjomu
1,51E+18;1,51E+18;2022-03-20 05:56:29 SE Asia Standard Time;1,31E+18;cassiopeilatte;NEGATIF;@baun666 @tom_thunder250 @PSSI oiya anjrit ngga ngeh, baru nyadar dizoom ??  ini kontraknya gmn sih kaco bener ??
1,51E+18;1,51E+18;2022-03-20 05:47:14 SE Asia Standard Time;2381123076;baun666;NEGATIF;@cassiopeilatte @tom_thunder250 @PSSI Celana panjangnya sama juga adidas bang, kolornya doang mills. Tandanya apparel kita masih belum bisa mensupport 100% kebutuhan tim.
1,51E+18;1,51E+18;2022-03-20 05:17:04 SE Asia Standard Time;238596421;ubetmovic;NEGATIF;@ArdiansyahF_ @PSSI Gagal juara
1,51E+18;1,51E+18;2022-03-20 04:53:13 SE Asia Standard Time;1,39E+18;hendiunpad74;POSITIF;@simamaung Meskipun tidak menyalahkan tetapi kerja wasit di liga I perlu dievaluasi. Komisi wasit dan PSSI mestinya mutar lagi rekaman setiap selesai pertandingan.  Berikan catatan2 khusus, sehingga ada perbaikan ke depannya.
1,51E+18;1,51E+18;2022-03-20 04:37:27 SE Asia Standard Time;65030923;rizalrete;POSITIF;@PSSI tiru yaa adek-adek ????
1,51E+18;1,51E+18;2022-03-20 04:33:34 SE Asia Standard Time;1,01E+18;temennongki;NEGATIF;WKWKW LIGA TOLOL @PSSI
1,51E+18;1,51E+18;2022-03-20 04:09:20 SE Asia Standard Time;7,89E+17;bola_utama;POSITIF;BBM D6000502 BolaUtama Agen Piala Dunia #SepakBolaIndonesia #ISL #PSSI
1,51E+18;1,51E+18;2022-03-20 04:05:52 SE Asia Standard Time;1458617708;kurniawanricho;NEGATIF;Wasitmu mudeng 'offside' kro 'onside' ora to Pak? @PSSI  Balbalan kok ket mbiyen sing masalah mesti wasit e , ??
1,51E+18;1,51E+18;2022-03-20 04:04:48 SE Asia Standard Time;1,07E+18;amirsahronii;NEGATIF;@Ghanipperdana @persib @PSSI Offside pemain persebaya tadi gimna bro?  jgn merasa di curangi wasit, kalau persebaya pun juga sama, intinya wasit liga Indonesia emg gak beres,
1,51E+18;1,50E+18;2022-03-20 02:59:56 SE Asia Standard Time;3227929032;arifperiatna;NEGATIF;@WargaAtlantis @Liga1Match @PSSI Ganti wasit tonggos
1,51E+18;1,51E+18;2022-03-20 01:48:19 SE Asia Standard Time;1,36E+18;bonekguryem;NEGATIF;Kapan Tobat @PSSI ?
1,51E+18;1,51E+18;2022-03-20 01:46:22 SE Asia Standard Time;77646855;pung_pratamaaa;POSITIF;@faizirsyad15 @idextratime Makanya liat aja ke depannya klub itu bisa survive dan settle apa ga. Apakah terencana matang seperti Bali Utd atau ga punya planning jelas asal pindah aja coba2 cari supporter. Klub2 itu akan trseleksi dgn sendirinya sesuai mekanisme pasar, jd PSSI ga perlu bnyak membatasi
1,51E+18;1,51E+18;2022-03-20 01:44:27 SE Asia Standard Time;1085762894;patpetprot;POSITIF;"@PSSI enek gw denger ""GARUDA NUSANTARA"" ""TIMNAS GARUDA"" bisa saja sepakbola Indonesia (level senior) prestasinya mandek karena sering disebut ""garuda"" Sedangkan cabang bulutangkis Indonesia ga pernah dijuluki garuda"
1,51E+18;1,51E+18;2022-03-20 01:34:46 SE Asia Standard Time;2883590132;akuwong3;NEGATIF;@Ditosauruz @indosupporter @PSSI @iriawan84 Ga di migor ga di sepak bola, mafia semua isinua
1,51E+18;1,51E+18;2022-03-20 01:29:22 SE Asia Standard Time;138029712;acongluz;NEGATIF;@PSSI lihat dan tingkatkan kualitas wasit Liga Indonesia, jangan tingkatkan gaji wasit doang
1,51E+18;1,51E+18;2022-03-20 01:24:41 SE Asia Standard Time;1,48E+18;heraldjateng;NEGATIF;Masa Karantina Selesai, Tim U-19 Indonesia Siap Digenjot Fisik di Korea Selatan #KoreaSelatan #PSSI #TimU-19  https://t.co/rXK8afYnbg
1,51E+18;1,51E+18;2022-03-20 01:17:50 SE Asia Standard Time;1186411255;goen_rgblue;NEGATIF;@Liga1Match Liga nya dagelan.. Jadwal seadanya.. Venue alakadrnya.. Wasit nya .??  Hmmm.. Miris   @iriawan84 @PSSI Jadinya sepak bolla indonesia itu jalan di tempat.. Karena semrawut mya pengurus nya
1,51E+18;1,51E+18;2022-03-20 01:09:19 SE Asia Standard Time;7,89E+17;bola_utama;POSITIF;Liga Germany ( BolaUtama ) #SepakBolaIndonesia #ISL #PSSI
1,51E+18;1,51E+18;2022-03-20 01:05:31 SE Asia Standard Time;1186411255;goen_rgblue;NEGATIF;@PSSI @iriawan84 Ini maksud ada tambhan wasit itu ya...  Mau di tambah 10 juga klo tida tau LOTG  percuma... Bnyakin skolah bagi pngdil deh... Kocaak
1,51E+18;1,51E+18;2022-03-20 01:01:26 SE Asia Standard Time;548346597;rizaldi_1933;NEGATIF;Perbaiki wasit suruh belajar lagi @PSSI @Liga1Match
1,51E+18;1,51E+18;2022-03-20 00:59:55 SE Asia Standard Time;68459795;spuncy;POSITIF;@ruangtaktik Ini kira2 di timeline ini ada orang PSSI yang di divisi wasit gak yah?
1,51E+18;1,51E+18;2022-03-20 00:58:32 SE Asia Standard Time;1,43E+18;hermanclaudio_p;POSITIF;@UpdateBolabola Dari bola nya bola Adidas Piala dunia Rusia kemarin akankah PSSI reunian dgn Adidas menarik di tunggu oleh penduduk seluruh planet bumi
1,51E+18;1,51E+18;2022-03-20 00:58:07 SE Asia Standard Time;1,50E+18;anaksul97580213;NEGATIF;@indosupporter makanya cepet pake var. Oh iya lupa kan pssi sibuk ngurus naturalisasi sama utang
1,51E+18;1,51E+18;2022-03-20 00:57:50 SE Asia Standard Time;1,21E+18;oprivatte;NEGATIF;@Ghanipperdana @persib @PSSI Td persebaya non offise tp di offside kan juga lo..
1,51E+18;1,51E+18;2022-03-20 00:48:29 SE Asia Standard Time;443478375;falkrys;POSITIF;@PSSI Baru sadar yoo jae hoon udah ngurusin timnas
1,51E+18;1,51E+18;2022-03-20 00:30:02 SE Asia Standard Time;9,67E+17;genpi_co;POSITIF;Melakukan debat di media sosial, Akmal Marhali siap bertemu langsung dengan Ketum PSSI. #AkmalMarhaliBertemuKetumPSSI  https://t.co/HRSdmMzXf2
1,51E+18;1,51E+18;2022-03-20 00:29:22 SE Asia Standard Time;2483474023;andirizwar;NEGATIF;Lagi lagi lawak.. Tuan rumah harus juara kah???  @PSSI percumah bayar mahal n nambah Assisten #wasit, kalau pengetahuan nya minim.. Perlu di bina n di kasih pengetahuan, biar tau tentang bola. Bukan lari lari angkat bendera saja
1,51E+18;1,51E+18;2022-03-20 00:20:26 SE Asia Standard Time;1,48E+18;heraldjateng;POSITIF;Kick Off Piala Soeratin, Ketum PSSI: Semoga Muncul Bibit-bibit Pemain Muda Potensial  https://t.co/6e1CW2s5SB
1,51E+18;1,51E+18;2022-03-20 00:14:05 SE Asia Standard Time;1,31E+18;cassiopeilatte;POSITIF;@baun666 @tom_thunder250 @PSSI oiya ngga ngeh jaket pemainnya  kalo celana sih kayanya cuma pelatih yg pake adidas  kemungkinannya sih ngga diatur di kontrak, hence ngga disediain
1,51E+18;1,51E+18;2022-03-20 00:04:14 SE Asia Standard Time;1,49E+18;ufo89663232;NEGATIF;Wasit Anjing, klo offside aj ga ngerti jangan jadi wasit, anjing  @pssi #BRILiga1  #PERSIBDAY
1,51E+18;1,51E+18;2022-03-19 23:57:09 SE Asia Standard Time;3260430056;caswadi_didi;NEGATIF;@stdsiliwangi @PSSI @iriawan84 wasit masih goblok gimana sepakbola Indonesia mau maju
1,51E+18;1,51E+18;2022-03-19 23:56:04 SE Asia Standard Time;18071520;antaranews;NEGATIF;"Komdis PSSI: Laga PS Siak versus Serpong City bebas ""match fixing""  https://t.co/mpwuPXART1"
1,51E+18;1,51E+18;2022-03-19 23:48:46 SE Asia Standard Time;589901096;az_tagfirullahh;NEGATIF;@oslobro @miayamjamur @yourcrushx1 @idextratime Pssi mikirnya dia yg punya uang yah dia berhak ngapain aja, padahal yah gak gitu, sama aja dia matiin liganya sendiri
1,50E+18;1,50E+18;2022-02-28 06:58:51 SE Asia Standard Time;8,36E+17;tommyoliverrr;NEGATIF;@AlionelMessi_ @PSSI @pt_lib kapan liganya dibubarin? udah eneg liatnya
1,50E+18;1,50E+18;2022-02-28 06:58:35 SE Asia Standard Time;2928851052;jonedzs;POSITIF;@hallomasdul @AlionelMessi_ @PSSI @pt_lib Santai gk usah ngegas sam
1,50E+18;1,50E+18;2022-02-28 06:57:14 SE Asia Standard Time;1,31E+18;rrhmndd;NEGATIF;@AlionelMessi_ @PSSI @pt_lib @PSSI @pt_lib wasit wasit anda tolol semua pak, tolong dong udah berulang kali begini loh
1,50E+18;1,50E+18;2022-02-28 06:54:05 SE Asia Standard Time;1,23E+18;rievlicious_;POSITIF;@AlionelMessi_ @PSSI @pt_lib untuk kesekian kalinya
1,50E+18;1,50E+18;2022-02-28 06:50:53 SE Asia Standard Time;1,09E+18;yocahyo25;NEGATIF;@AlionelMessi_ @PSSI @pt_lib Rai hakim garise mangkeli
1,50E+18;1,50E+18;2022-02-28 06:48:23 SE Asia Standard Time;860716934;and1denta;NEGATIF;@AlionelMessi_ @PSSI @pt_lib kok bisa ye kepilih jadi wasit liga 1 modelan begitu @PSSI @iriawan84 ???
1,50E+18;1,50E+18;2022-02-28 06:44:01 SE Asia Standard Time;172664886;adhimid;NEGATIF;@AlionelMessi_ @PSSI @pt_lib Jejangan  nonton sepak bola (Eropa) pun gak pernah si bapack.
1,50E+18;1,50E+18;2022-02-28 06:35:16 SE Asia Standard Time;1,40E+18;basir83788641;NEGATIF;@AlionelMessi_ @PSSI @pt_lib Sudah paling bener keknya gue g nonton bola negeri sndiri,bikin darah tinggi mulu,nambai penyakit??
1,50E+18;1,50E+18;2022-02-28 06:30:48 SE Asia Standard Time;73838454;vijayavada;NEGATIF;@AlionelMessi_ @PSSI @pt_lib alkhamdulillah gak pernah nonton liga indonesia lbh dr 5 menit, gak mutu banget
1,50E+18;1,50E+18;2022-02-28 06:28:17 SE Asia Standard Time;1,38E+18;cupangbos;NEGATIF;@AlionelMessi_ @PSSI @pt_lib Wahh wasitnya dibayar nih @sinhunter69 ????
1,50E+18;1,50E+18;2022-02-28 06:27:20 SE Asia Standard Time;1,39E+18;tri30621646;POSITIF;@AlionelMessi_ @PSSI @pt_lib Itu wasit perlu di selamtin di tahlilin biar gk eror klo ngasih offside
1,50E+18;1,50E+18;2022-02-28 06:25:41 SE Asia Standard Time;1,06E+18;timsuckses;POSITIF;@Soegijo_ @niskalakama @Hasbllh_ @AlionelMessi_ @PSSI @pt_lib @Sport77Official Hakim garis kek nurut sama pemain belakang
1,50E+18;1,50E+18;2022-02-28 06:21:16 SE Asia Standard Time;468333333;zidandane;NEGATIF;@AlionelMessi_ @PSSI @pt_lib NDLOGOK SEKALI
1,50E+18;1,50E+18;2022-02-28 06:20:25 SE Asia Standard Time;420366618;na_diemmakarim;NEGATIF;@AlionelMessi_ @PSSI @pt_lib Kayanya emg asisten wasit di liga wakanda banyak yg gak paham konsep offsite, banyak ya tapi gak semua.
1,50E+18;1,50E+18;2022-02-28 06:19:39 SE Asia Standard Time;1,26E+18;sawadeekhapp;NEGATIF;@AlionelMessi_ @PSSI @pt_lib Mungkin maksudnya wasitnya yg offside min ??????
1,50E+18;1,50E+18;2022-02-28 06:15:46 SE Asia Standard Time;65229426;bdaksobhya;POSITIF;RIP Arifin Panigoro. Yg saya paling ingat beliau pernah inisiasi buat LPI sebagai liga sepak bola tandingan di Indonesia. Upaya yg sebenarnya wajar kalau melihat kondisi PSSI dan manajemen liga.
1,50E+18;1,50E+18;2022-02-28 06:14:30 SE Asia Standard Time;1,49E+18;serealwindowyp;POSITIF;@AlionelMessi_ @PSSI @pt_lib Namanya juga liga dagelan bang, gak bisa berharap lebih gua.
1,50E+18;1,50E+18;2022-02-28 06:04:54 SE Asia Standard Time;254330258;rudiuwok;NEGATIF;@AlionelMessi_ @BolaIndustry @PSSI @pt_lib Kualitas hakim garis dari dlu ga berubah
1,50E+18;1,50E+18;2022-02-28 06:02:08 SE Asia Standard Time;232047085;ahmadalfachri;NEGATIF;@AlionelMessi_ @PSSI @pt_lib Lagi dan lagi wasit 10juta/match GAK NGERTI ATURAN OFFSIDE, MALU MALUIN WOYY!! @PSSI
1,50E+18;1,50E+18;2022-02-28 06:01:20 SE Asia Standard Time;1,26E+18;a_arifulhaq;NEGATIF;Lagi, lagi dan lagi.  Woy @PSSI @pt_lib gaji gede gini kelakuan wasitnya
1,50E+18;1,50E+18;2022-02-28 06:00:54 SE Asia Standard Time;272778517;yudiwijaksono;NEGATIF;@AlionelMessi_ @PSSI @pt_lib Ini indonesia apaan si ? Setiap nendang dikit di opsetin wkwkwkwkw @ssaaepul @fzlzrd
1,50E+18;1,50E+18;2022-02-28 06:00:20 SE Asia Standard Time;1,43E+18;rainer403055355;POSITIF;@AlionelMessi_ @PSSI @pt_lib Angkat cepat ,, nanti gol... Cuan Cuaan
1,50E+18;1,50E+18;2022-02-28 05:46:44 SE Asia Standard Time;1968540631;muirfans;POSITIF;@fadillah_arif10 @PSSI di liga wakanda, umpan terobosan = offside ??
1,50E+18;1,50E+18;2022-02-28 05:42:05 SE Asia Standard Time;9,64E+17;ekoagungm3;NEGATIF;@AlionelMessi_ @PSSI @pt_lib Liga busuk Indonesi!!!! Kualitas wasit lo busuk!!! Gmn mau maju liga dagelan ini kalo wasitnya begini semua @PSSI ??
1,50E+18;1,50E+18;2022-02-28 05:36:38 SE Asia Standard Time;259197021;noregsvapen;NEGATIF;@AlionelMessi_ @PSSI @pt_lib Wasit lotnok
1,50E+18;1,50E+18;2022-02-28 05:19:51 SE Asia Standard Time;238948774;mvhakram;NEGATIF;@AlionelMessi_ @PSSI @pt_lib Semua liga di Indonesia mending ubah jadi mini soccer saja, biar gak ada hakim garis. Percuma ??
1,49E+18;1,49E+18;2022-02-14 06:49:22 SE Asia Standard Time;1,11E+18;footballtrophik;NEGATIF;@arman41 Iya untuk 1 tempat gak ada hak vote... Masalahnya kongres gak cuma PSSI pusat .... Mulai dari Askot hingga Asprov semua di satu pintu vote.
1,49E+18;1,49E+18;2022-02-14 06:41:21 SE Asia Standard Time;7,45E+17;ddhewantoro;NEGATIF;Sidane pssi, polisi, gubernur opo sopo iki?
1,49E+18;1,49E+18;2022-02-14 06:36:16 SE Asia Standard Time;1,42E+18;tactogradis;NEGATIF;@kommss32 Akeh hak vote nya doi ?? bayangin KLB PSSI, di hadiri Ketua Askot, ketua asprov, Exco sampe CEO klub ~ cukup Yoyok yang angkat suara ?? cuk 5 hak voters
1,49E+18;1,49E+18;2022-02-14 06:16:58 SE Asia Standard Time;120367312;fahhmyy;NEGATIF;@Kleague_ID @PSSI nih contoh buat liga sepak bola, dari dulu bikin struktur liga kagak ada yg bener
1,49E+18;1,49E+18;2022-02-14 06:14:10 SE Asia Standard Time;2436668083;disperteng;NEGATIF;@PSSI guoblok ngelola sirkuit rak ndolor
1,49E+18;1,49E+18;2022-02-14 06:02:03 SE Asia Standard Time;7,60E+17;kumparan;POSITIF;Tijjani Reijnders menjadi pemain yang digadang-gadang akan dinaturalisasi oleh PSSI. #kumparanBOLA  https://t.co/xI8FmjlUU3
1,49E+18;1,49E+18;2022-02-14 05:57:12 SE Asia Standard Time;7,66E+17;herry_sheva;POSITIF;@PSSI coba bikin lagi perang bintang yg pemainnya di polling pake kartu pos... ??????
1,49E+18;1,49E+18;2022-02-14 05:56:22 SE Asia Standard Time;1,47E+18;jack_id88;NEGATIF;@PSSleman @PSSI @Komdis_PSSI Yang mengalami kerugian adalah pemain dan club, yg mengalami kecewa ya semua penikmat sepakbola Indonesia khususnya para supporter. Pak @jokowi anak buah bapak ni gimana
1,49E+18;1,49E+18;2022-02-14 05:50:38 SE Asia Standard Time;1,47E+18;jack_id88;NEGATIF;@PSSleman Dear @PSSI  Terkhusus @Komdis_PSSI  Bagaimana kabar keputusan wasit yang kerap sekali menuai kontroversi misal yg harusnya offside tp onside, onside tp offside? Lalu pelanggaran keras tp tetap lanjut, pelanggaran kecil tp dhentikan Dan hal2 ganjal lainnya. Ini didikan wasit anda?
1,49E+18;1,49E+18;2022-02-14 05:35:45 SE Asia Standard Time;1,47E+18;berkahdalem9;NEGATIF;@PSSleman PSSI out
1,49E+18;1,49E+18;2022-02-14 04:47:24 SE Asia Standard Time;1,45E+18;benyhari1;NEGATIF;@PSSI Selamat sty telah memberikan gelar baru ke timnas indonesia , gelar pecundang asia
1,49E+18;1,49E+18;2022-02-14 04:09:18 SE Asia Standard Time;7,89E+17;bola_utama;POSITIF;BBM D6000502 BolaUtama Agen Piala Dunia #SepakBolaIndonesia #ISL #PSSI
1,49E+18;1,49E+18;2022-02-14 03:34:23 SE Asia Standard Time;1,08E+18;bleguksiak31;NEGATIF;@FXHarminanto Rombak @PSSI @pt_lib harus ganti dgn org2 kompeten..
1,49E+18;1,49E+18;2022-02-14 02:56:21 SE Asia Standard Time;1,37E+18;fandi43922306;NEGATIF;@rmol_id Emang udah berapa orang anda tampeleng? @PSSI. Bisa diajari nih cara bicara Menpora? @Deputi3Menpora @Lambe_Turah  #TampelengPSSI #PremanPejabat
1,49E+18;1,49E+18;2022-02-14 02:23:26 SE Asia Standard Time;1,09E+18;bombastikks;POSITIF;Hasil Pertemuan PSSI Dan Menpora, Hanya Dua Nama Yang Akan Dinaturalisasi  https://t.co/Xbqyh3p4dI
1,49E+18;1,49E+18;2022-02-13 23:58:20 SE Asia Standard Time;1,16E+18;billydamara_p;NEGATIF;@FXHarminanto @PSSI @pt_lib  GOBLOK , UTEKMU KEBUNTEL TAII
1,49E+18;1,49E+18;2022-02-13 23:51:49 SE Asia Standard Time;461103896;akbarputra01;NEGATIF;@PSSleman Wkwkwkw juara wes settingan wkwwk saiki hukuman iso diseting wkwkwkw ssk banding neh iso2 hukum setengah musim iki wkwkwkw selama ora ono pelicine ki angel yo dab?? Ho.o to suu?? @PSSI @pt_lib
1,49E+18;1,49E+18;2022-02-13 23:38:30 SE Asia Standard Time;1670065070;sedaljepit1;POSITIF;@handokotjung @PSSI mau coklat segede bola :(
1,49E+18;1,49E+18;2022-02-13 23:27:06 SE Asia Standard Time;1490514120;herusur7;NEGATIF;@antikritik76 Dagelan tenan. Kno sanksi 2 kali banding ditolak malah ditambah 2 dadi 4 jare  jls kesalahane NENG KOK ra iso nduduhke kesalahane sing ndi. Nggo aturan tarkam malah jls. He pssi/lib aku dong karepmu ujung2e mung duit koyo gek liga 2 sanksi 4 dadi 2. .....
1,49E+18;1,49E+18;2022-02-13 23:24:15 SE Asia Standard Time;1,48E+18;edwelau;POSITIF;@Yen_8866 Mlm Yen pssi
1,49E+18;1,49E+18;2022-02-13 23:20:37 SE Asia Standard Time;2853213154;jaehyunbigwin12;POSITIF;@handokotjung @SilverQueenID Min kamu gak pengen ngirimin aku cokelat , kamu kan ayang akuu minn, aku ga pernah kelewatan kalo nonton timnas loh :) @PSSI
1,49E+18;1,49E+18;2022-02-13 23:20:15 SE Asia Standard Time;7,23E+17;sumberadi1976;NEGATIF;KOE NDLOGOK! @PSSI @pt_lib
1,49E+18;1,49E+18;2022-02-13 23:15:35 SE Asia Standard Time;1,46E+18;darkhub___;POSITIF;@bakulkembang__ Budalo lurr, aku titip pesen gawe PSSI takokno sarapan opo wonge kok ketok sangar ngono
1,49E+18;1,49E+18;2022-02-13 23:12:35 SE Asia Standard Time;1,45E+18;bianfabian14;NEGATIF;@ATHECRAZPSS @PSSI @pt_lib Tak melok aku KONTOL @PSSI  @pt_lib
1,49E+18;1,49E+18;2022-02-13 23:10:44 SE Asia Standard Time;235052535;yfcsl;NEGATIF;tempek bengukk syuuuu @pt_lib @PSSI
1,49E+18;1,49E+18;2022-02-13 23:06:43 SE Asia Standard Time;108547997;chookiseu;NEGATIF;@hwayouncho lu bikin pssi dong persatuan snopy seluruh indonesia
1,49E+18;1,49E+18;2022-02-13 23:00:43 SE Asia Standard Time;1,48E+18;ragapratama_m;NEGATIF;@PSSleman Ra Nalar @pt_lib @PSSI
1,49E+18;1,49E+18;2022-02-13 22:59:36 SE Asia Standard Time;1,32E+18;wanigaprakkk;NEGATIF;"@PSSleman Jan"" E meh py to iki nk wong semono mbok trimo geger ro @PSSI  wae yohh liga ndlogokk"
1,49E+18;1,49E+18;2022-02-13 22:38:17 SE Asia Standard Time;1,14E+18;nidaul48794328;NEGATIF;@PSSI Aneh tapi nyata itulah PSSI
1,49E+18;1,49E+18;2022-02-13 22:37:01 SE Asia Standard Time;371533309;notbadfather;NEGATIF;@Liga1Match @BANKBRI_ID Semua karna @Indosiar minggu malah gak ada match AMATIR LU @PSSI @Liga1Match
1,49E+18;1,49E+18;2022-02-13 22:36:41 SE Asia Standard Time;1,14E+18;nidaul48794328;NEGATIF;@PSSI Liga tetep jalan yang tim nasional batal ikut gara² liga, aneh emang
1,49E+18;1,49E+18;2022-02-13 22:35:27 SE Asia Standard Time;1,14E+18;nidaul48794328;POSITIF;@PSSI Ngga usah kebanyakan wacana deh pak benerin aja dulu liga² nya
1,49E+18;1,49E+18;2022-02-13 22:34:42 SE Asia Standard Time;1,14E+18;nidaul48794328;POSITIF;@PSSI Mau ngomong pssi jgn kasih harapan palsu lagi ke para pemain dan suporter bola, kecewa tau gak!
1,49E+18;1,49E+18;2022-02-13 22:33:19 SE Asia Standard Time;1,21E+18;texaco_13;POSITIF;Untuk apa kau kibarkan bendera failrplay di setiap pertandingan….  Kalo dalam dirimu tidak menunjukan semangat fairplay???? @PSSI @pt_lib
1,49E+18;1,49E+18;2022-02-13 22:32:51 SE Asia Standard Time;1,14E+18;nidaul48794328;POSITIF;@PSSI Cuman nggak pengin di php in lagi sama si PSSI
1,49E+18;1,49E+18;2022-02-13 22:32:21 SE Asia Standard Time;602915075;alfianwjnrk;POSITIF;@idotsaputra09 @PSSI @pt_lib Goleki wae mas
1,49E+18;1,49E+18;2022-02-13 22:32:12 SE Asia Standard Time;1,21E+18;texaco_13;POSITIF;@PSSleman Bau bau intrikkk @PSSI @pt_lib
1,49E+18;1,49E+18;2022-02-13 22:23:13 SE Asia Standard Time;1,45E+18;tomyyyzy;NEGATIF;Piee too kiihh??!!....federasi g0bL0k @PSSI
1,49E+18;1,49E+18;2022-02-13 22:22:22 SE Asia Standard Time;1,44E+18;putih_dan_hitam;NEGATIF;@Kleague_ID gimana @PSSI ? bisa kaya gini? dr dulu bikin liga aja kaga bener...
1,49E+18;1,49E+18;2022-02-13 22:12:14 SE Asia Standard Time;1,46E+18;renzbagoess;POSITIF;@PSSleman PSS ataupun Aeron Evans memiliki hak membawa masalah ini ke FIFA jika komdis or PSSI tdk menjelaskan secara detail masalah beserta bukti realnya,untuk perubahan sepakbola kita teguran yg tegas dari pihak luar seperti FIFA or AFC saya rasa mungkin akan cukup membantu @BCSxPSS_1976
1,49E+18;1,49E+18;2022-02-13 22:09:21 SE Asia Standard Time;7,89E+17;bola_utama;POSITIF;Liga Spanyol ( BolaUtama ) #SepakBolaIndonesia #ISL #PSSI
1,49E+18;1,49E+18;2022-02-13 22:01:56 SE Asia Standard Time;1,45E+18;2komaini_ahmad4;POSITIF;@fullmoonfolks @evylagi Cocok masuk barak nih. Latihan terus, perangnye kagak. Minimal masuk PSSI lah~
1,49E+18;1,49E+18;2022-02-13 22:00:30 SE Asia Standard Time;8,64E+17;pssijatimdotcom;POSITIF;Bhayangkara FC Jawara Piala Soeratin U-17 PSSI Jawa Timur  https://t.co/QTiB7BtgJ0
1,49E+18;1,49E+18;2022-02-13 21:58:44 SE Asia Standard Time;1,06E+18;dimasptz_;NEGATIF;"Sudah saatnya mengeluarkan kata-kata ""@PSSI  @pt_lib bajilak suuu"""
1,49E+18;1,49E+18;2022-02-13 21:54:16 SE Asia Standard Time;1,24E+18;pssi_kab_bdg;POSITIF;Jalur yang harus dilewati oleh Tim Si Jalak Geulis di Kompetisi Piala Pertiwi tingkat Jawa Barat.  #PSSIKabupatenBandung  #PSSI  #KabupatenBandung  #AskabBandung  https://t.co/ue64RciqvM
1,49E+18;1,49E+18;2022-02-13 21:54:13 SE Asia Standard Time;9,02E+17;bagus_krisad;POSITIF;@ATHECRAZPSS @PSSI @pt_lib Ono opo to iki
1,49E+18;1,49E+18;2022-02-13 21:50:39 SE Asia Standard Time;1,40E+18;avarellm;POSITIF;@muhridz1 @GIBOLofficial emang selama ini kan LIB sama PSSI takut ga punya sponsor... Makanya liga pakum selama 2thn.. Alasan pandemi wajarlah... Alasan sponsor nah ini dia... Makanya TV sebelah mau jor jor an kasih banyak cuan buat pegang hak siar
1,49E+18;1,49E+18;2022-02-13 21:49:15 SE Asia Standard Time;1,32E+18;masmasrapuh;NEGATIF;@A_evans_2 Wis rapopo lik,rasah kaget yen menungsone pssi koyo asu kabeh
1,49E+18;1,49E+18;2022-02-13 21:47:13 SE Asia Standard Time;1,32E+18;masmasrapuh;POSITIF;@BaliUtd Bosok,koyo @PSSI
1,49E+18;1,49E+18;2022-02-13 21:44:33 SE Asia Standard Time;1,32E+18;masmasrapuh;NEGATIF;@antikritik76 @iriawan84 @PSSI @pt_lib  DUE UTEK RA?
1,49E+18;1,49E+18;2022-02-13 21:42:45 SE Asia Standard Time;1,12E+18;pemuda_1998;NEGATIF;@PSSI @pt_lib yo bener nek ligane raiso maju, keputusan wae mung waton, prinsipe ada uang dimenangkan.
1,49E+18;1,49E+18;2022-02-13 21:16:54 SE Asia Standard Time;7,12E+17;idotsaputra09;NEGATIF;Bajingan @PSSI @pt_lib
1,49E+18;1,49E+18;2022-02-13 21:04:07 SE Asia Standard Time;603478992;mahatmahrdys;NEGATIF;Federasi bobrok @pt_lib @PSSI
1,49E+18;1,49E+18;2022-02-13 21:04:05 SE Asia Standard Time;1548051606;wardaniagung;NEGATIF;Kan penguruse pinter pinter @PSSI @pt_lib jembuten
1,49E+18;1,49E+18;2022-02-13 21:03:46 SE Asia Standard Time;3198918910;andre_kusnanto;NEGATIF;Heh kntl koe @PSSI
1,49E+18;1,49E+18;2022-02-13 21:02:17 SE Asia Standard Time;1,10E+18;arusbarat_1976;NEGATIF;@PSSI @pt_lib  mau goblok sampai kapan ?
1,49E+18;1,49E+18;2022-02-13 20:59:58 SE Asia Standard Time;461792528;agungpriawan;NEGATIF;Pekok, buat jadwal liga kok manut sm stasiun TV @PSSI @pt_lib ?????
1,49E+18;1,49E+18;2022-02-13 20:40:20 SE Asia Standard Time;1,35E+18;steveny83540061;NEGATIF;@PSSleman @PSSI , @pt_lib , nek wasit e ngono kui. Ha mending aku wae tak dadi wasit kene, tak ngejak kanca² geratis, geratis wess.. ra masalah. Karuane le ndagel pisan..
1,49E+18;1,49E+18;2022-02-13 20:26:40 SE Asia Standard Time;93550503;jakarock;NEGATIF;Komdis PSSI bangsattt
1,49E+18;1,49E+18;2022-02-13 20:09:57 SE Asia Standard Time;1,20E+18;ramadhandwisap7;NEGATIF;"Bosok @PSSI raiso ngurusi bal""an, ngurusi dangdutan wae kono"
1,49E+18;1,49E+18;2022-02-13 20:09:11 SE Asia Standard Time;1,49E+18;see_seetya6;POSITIF;@PSSI Semangat??
1,49E+18;1,49E+18;2022-02-13 20:03:07 SE Asia Standard Time;850829431;amalonekrh;NEGATIF;@PSSI FEDERASI TOLOL
1,49E+18;1,49E+18;2022-02-13 19:56:53 SE Asia Standard Time;1,44E+18;penabicara17;POSITIF;PSSI Diminta Fokus Pemulihan Pemain Timnas Usai Batal Ikut AFF U-23  https://t.co/rVDuvNfuBl
1,49E+18;1,49E+18;2022-02-13 19:55:32 SE Asia Standard Time;8,37E+17;compas1976;NEGATIF;@PSSI @pt_lib BOSOK! RAONO PENJELASAN TERBUKA! BOBROK!!
1,49E+18;1,49E+18;2022-02-13 19:55:26 SE Asia Standard Time;239386035;ompanda48;NEGATIF;@randyprasatya Caketum PSSI Pers bicara basket ji @_vino_alvino memang andalan…
1,49E+18;1,49E+18;2022-02-13 19:52:58 SE Asia Standard Time;7,21E+17;ahmad_delonges;NEGATIF;@PSSI federasi pekok, operator @pt_lib goblk! ??????
1,49E+18;1,49E+18;2022-02-13 19:51:05 SE Asia Standard Time;1,27E+18;nyongotot;NEGATIF;@PSSI nek tak rasak rasakke kok koyo soyo pekok yo kowe kuwi ki?
1,49E+18;1,49E+18;2022-02-13 19:48:36 SE Asia Standard Time;1,48E+18;hooligan2713;NEGATIF;@GIBOLofficial @PSSI Level atas sudah bobrok akut..lebih baik fokus ke Academy dan usia dini,,
1,49E+18;1,49E+18;2022-02-13 19:44:44 SE Asia Standard Time;8,51E+17;luckythinks;NEGATIF;@PSSI @pt_lib goblok!
1,49E+18;1,49E+18;2022-02-13 19:42:35 SE Asia Standard Time;2204693096;mnfsahab;POSITIF;@notrozaan Oiya bahasa wkwkw nomer 1 itu malah  Way to go sih kalau sampe ke NCAA. Kiblat olahraga kita bukan ke US, apalagi di sepakbola wkwk keknya gapernah tu ada email2an sama ussf di sepanjang sejarah pssi wkwkw
1,49E+18;1,49E+18;2022-02-13 19:41:10 SE Asia Standard Time;1748082793;heppyalways;POSITIF;@PSSI Disindir org Malaysian nih....  https://t.co/L2u5yi83aY
1,49E+18;1,49E+18;2022-02-13 19:40:15 SE Asia Standard Time;1,07E+18;ramamisbah;NEGATIF;FEDERASI BOBROK! @PSSI  KEMAJUAN MASIH DI BATAS ANGAN-ANGAN.
1,49E+18;1,49E+18;2022-02-13 19:39:50 SE Asia Standard Time;1856210342;aendzed;NEGATIF;Bisa transparan? @PSSI @pt_lib
1,49E+18;1,49E+18;2022-02-13 19:39:25 SE Asia Standard Time;9,11E+17;akbarilhams_;NEGATIF;@PSSI sehat mboten den
1,49E+18;1,49E+18;2022-02-13 19:34:32 SE Asia Standard Time;1,30E+18;wywykyky;POSITIF;yang tanya fasilitasnya mana, dikira PSSI gak bisa apa kerjasama dengan federasi atau klub di Eropa sana untuk ikut numpang latihan dan kasih pelatihan buat pemain tersebut.
1,49E+18;1,49E+18;2022-02-13 19:32:40 SE Asia Standard Time;1,49E+18;fian_nm;NEGATIF;@PSSI Kecewa bosku... U23 gagal main di tv....
1,49E+18;1,49E+18;2022-02-13 19:31:45 SE Asia Standard Time;1,45E+18;isnankrnwn;NEGATIF;he @PSSI ki jmbut
1,49E+18;1,49E+18;2022-02-13 19:31:16 SE Asia Standard Time;1,02E+18;nayounged;POSITIF;Insert that kemal palevi pssi tweet
1,49E+18;1,49E+18;2022-02-13 19:30:56 SE Asia Standard Time;1,04E+18;habibiwicaksono;POSITIF;@GIBOLofficial ancene senenagane ndagel koen @Liga1Match  @PSSI
1,49E+18;1,49E+18;2022-02-13 19:26:50 SE Asia Standard Time;1,15E+18;ristiantoprabo3;POSITIF;@PSSleman @PSSI @pt_lib @Liga1Match liga bosok Hess asu!!
1,49E+18;1,49E+18;2022-02-13 19:26:12 SE Asia Standard Time;1,48E+18;sohifu;NEGATIF;@PSSI Sangat ke cewa banget tim nas gagal ikut AFF di Kamboja,
1,49E+18;1,49E+18;2022-02-13 19:25:53 SE Asia Standard Time;2888080531;sangperindu79;NEGATIF;@PSSleman Sepakbola sampai saat ini maseh kuat adanya politik, orang pssi nya aja kaya gitu,  . Ya terserahlah
1,49E+18;1,49E+18;2022-02-13 19:21:46 SE Asia Standard Time;1,15E+18;ristiantoprabo3;NEGATIF;@Liga1Match @BANKBRI_ID @PSSI @pt_lib goblok asu kabeh!!
1,49E+18;1,49E+18;2022-02-13 19:19:36 SE Asia Standard Time;1,44E+18;dutaiuk;NEGATIF;koe kabeh Badut!!! Koe kabeh Tikus ?? @PSSI @pt_lib
1,48E+18;1,48E+18;2022-01-12 06:12:13 SE Asia Standard Time;1,23E+18;bocah_spj86;NEGATIF;@stdsiliwangi Kemenangan @Persibojonegoro aja dicoret dari liga 3 jatim masak yg lain dibiarkan @PSSI @pt_lib BEGO
1,48E+18;1,48E+18;2022-01-12 06:10:46 SE Asia Standard Time;1,23E+18;bocah_spj86;NEGATIF;@stdsiliwangi @PSSI @pt_lib bego
1,48E+18;1,48E+18;2022-01-12 05:28:31 SE Asia Standard Time;1,17E+18;ihenmb_;NEGATIF;@aryaslalubenar @ruangtaktik ada sihh.. yang katanya pssi mau nyarikan guru bahasa indo buat STY, tapi nyatanya belum ada.. sampe situ aj udah ketauan, hhe
1,48E+18;1,48E+18;2022-01-12 05:11:55 SE Asia Standard Time;1,17E+18;pkepil;POSITIF;@FT_IDN Luca everink juga keturunan indonesia min tapi tdk ada pantauan dari PSSI
1,48E+18;1,48E+18;2022-01-08 06:44:17 SE Asia Standard Time;370094411;basukibio;NEGATIF;Pssi bobrok
1,48E+18;1,48E+18;2022-01-08 05:49:52 SE Asia Standard Time;1,25E+18;nurharitsahmad3;NEGATIF;@MafiaWasit PSSI bisa apa?
1,48E+18;1,48E+18;2022-01-08 05:48:35 SE Asia Standard Time;4812772283;harryunited05;NEGATIF;@idextratime makin ancuur ?????? @PSSI
1,48E+18;1,48E+18;2022-01-06 06:59:49 SE Asia Standard Time;213168371;harrisregar;NEGATIF;Menyedihkan ya ruang ganti pemain begini, kayak anak SSB turnamen @PSSI. Padahal sudah level profesional. @dribble9 @Fandom_ID. Apa gak bisa buat standarisasi aturan. Yg begini gimana bisa cetak pemain kelas dunia. Menyedihkan.
1,48E+18;1,48E+18;2022-01-06 06:58:13 SE Asia Standard Time;99092305;muazzimt;NEGATIF;Hallo PSSI baru mulai putaran kedua sudah gak sehat?? @PSSI
1,48E+18;1,48E+18;2022-01-06 06:57:59 SE Asia Standard Time;529255114;prayogomaulanaa;NEGATIF;@persebayaupdate Stadion koyok ngene kok yo dipeksono main nak Bali ae @PSSI sakno cok tas maen sikil langsung ditekuk!
1,48E+18;1,48E+18;2022-01-06 06:49:41 SE Asia Standard Time;1,39E+18;rick77211237;NEGATIF;@PSSI nggak ahh... nunggu Indonesia juara
1,48E+18;1,48E+18;2022-01-06 06:42:20 SE Asia Standard Time;3015954673;wahju_wibowo;POSITIF;@indosupporter @pt_lib @PSSI Dorong para klub utk sefrekwensi tidak lanjutkan series 4 dan 5 di Bali. Cukup sdh ujicobanya di arema,persikabo,persebaya dan bali utd sendiri yg jg tdk nyaman. Bukan Bali nya, Bali selalu nyaman tapi infrastruktur stadionnya yg tdk layak tayang di TV.
1,48E+18;1,48E+18;2022-01-06 06:41:41 SE Asia Standard Time;1375993308;elcacarita;NEGATIF;@GIBOLofficial Iya tapi @PSSI  ini kehabisan akal buat ngadain kompetisi hang bagus!
1,48E+18;1,48E+18;2022-01-06 06:39:49 SE Asia Standard Time;2237048077;syaifulputra86;NEGATIF;@SuporterFC Lorong toilet @PSSI
1,48E+18;1,48E+18;2022-01-06 06:39:25 SE Asia Standard Time;7,89E+17;bola_utama;POSITIF;Agen Piala Dunia ( BolaUtama ) #SepakBolaIndonesia #ISL #PSSI
1,48E+18;1,48E+18;2022-01-06 06:38:32 SE Asia Standard Time;1,46E+18;mukaddam_akbar;POSITIF;@PSSI Kapan sini tae yong mulai memanggil pemain untuk ajang Piala AFF di Kamboja kami sangat penasaran dan ingin melihat taktik pola sintayong lagi., maju terus timnass insya Allah yakin kita juara
1,48E+18;1,48E+18;2022-01-06 06:34:52 SE Asia Standard Time;1,18E+18;sweetiepaiiiiii;NEGATIF;@persebayaupdate stadion liga 1 kok ko ngene i pie jane? @PSSI
1,48E+18;1,48E+18;2022-01-06 06:31:29 SE Asia Standard Time;1,14E+18;ibnusetyaa;NEGATIF;@indosupporter @pt_lib @PSSI Apa kata pemain asing yg main di liga satuuuuuu....maksain maen di Bali...lapangan apa ada nya .hmm
1,48E+18;1,48E+18;2022-01-06 06:31:02 SE Asia Standard Time;1,22E+18;rchlrmdn;POSITIF;@Indostransfer kaltim aja, ada batakan, segiri, aji imbut, palaran cc @PSSI
1,48E+18;1,48E+18;2022-01-06 06:22:34 SE Asia Standard Time;1,37E+18;beigebrownloey;POSITIF;@PSSI “nama solo stan gue apaan ya?”
1,48E+18;1,48E+18;2022-01-06 06:22:17 SE Asia Standard Time;110900689;bagusdarma;NEGATIF;@SegundaFutbol Negara +63 emang lucu ya kak. Rasanya memang pantas kita menjadi runner up abadi di aff ?? @PSSI tidak becus mengurus liga nya sendiri.
1,48E+18;1,48E+18;2022-01-06 06:15:19 SE Asia Standard Time;1,46E+18;afiqqd;NEGATIF;@idextratime Ini soal fasilitas lapangan atau operator Pssi si cok?
1,48E+18;1,48E+18;2022-01-06 06:15:06 SE Asia Standard Time;1,31E+18;eonestress;NEGATIF;@persebayaupdate @PSSI otak mana otak
1,48E+18;1,48E+18;2022-01-06 06:10:33 SE Asia Standard Time;1,30E+18;kang_sambat27;POSITIF;@PSSI Versi nadeo dong min
1,48E+18;1,48E+18;2022-01-06 06:10:30 SE Asia Standard Time;1,41E+18;gapletong;POSITIF;@Yellow59807378 @PSSI Kebanyakan makan telor dadar bang.
1,48E+18;1,48E+18;2022-01-03 06:59:30 SE Asia Standard Time;1,42E+18;ambarwati_egy;POSITIF;Jodoh siapaa ini ?????? #pratamaarhan #arhan #PSSI #GarudadiDada  https://t.co/XpJ1Jipjmf
1,48E+18;1,48E+18;2022-01-03 06:59:21 SE Asia Standard Time;66356758;afiiitz10;NEGATIF;@ridzki_ss @RNando19 @panditfootball Alfred Riedl juga gt kan dulu? Tp malah dipecat PSSI, jadi kambing hitam bobroknya federasi
1,48E+18;1,48E+18;2022-01-03 06:57:30 SE Asia Standard Time;1,40E+18;naga_wicaksana2;POSITIF;Aye sepakat sama Sekjen PDIP kalo Erick Thohir,Gibran dan PSSI duduk bersama.pasti PSSI kinclong dipoles pak menteri.  https://t.co/0hIou0B23w
1,48E+18;1,48E+18;2022-01-03 06:49:37 SE Asia Standard Time;1,12E+18;gass_kompor;NEGATIF;@yoiwal @MafiaWasit Iyaa kebanyakan cuma buat batu loncatan doang buat nyalon gubernur, walikota atau yg lainnya. Yg jadi bagian PSSI juga keknya ga ngerti bola apalagi ngelola sepakbola, isinya politikus taik gini semua, kenapa ga mantan pemain bola professional boleh dicoba
1,48E+18;1,48E+18;2022-01-03 06:49:04 SE Asia Standard Time;2950549608;and_hongg;POSITIF;Singgung Nama Erick Thohir hingga Raffi Ahmad  Hasto Kristiyanto menjelaskan bahwa adanya harapan bagi Timnas Indonesia utk terus berkembang.  Hasto Kristiyanto menyebutkan, Erick Thohir hingga Raffi Ahmad, bisa duduk bersama dgn pengurus PSSI demi sepak bola Indonesia lebih baik  https://t.co/Wjhm35xi2i
1,48E+18;1,48E+18;2022-01-03 06:38:40 SE Asia Standard Time;66356758;afiiitz10;NEGATIF;@panditfootball Vietnam aja ketum federasinya benar2 ksatria. Apa kabar ketum PSSI yg udah ancur dan gagal dalam segala hal?
1,48E+18;1,48E+18;2022-01-02 06:59:30 SE Asia Standard Time;1,37E+18;mas_asihh;POSITIF;@ArmanSetiawan @PSSI Di kancah usia muda, mungkin dapat berhasil karena dg skuad usia palsu tsb melawan rival-rival yang pada akhirnya lebih muda.   Tim A U15 misal, melawan skuad tim lain yang murni U15 sdgkan tim A tsb sudah di angka usia 15-18 tahun. Bagaimana tidak superior.
1,48E+18;1,48E+18;2022-01-02 06:59:15 SE Asia Standard Time;1,14E+18;srir84977887;POSITIF;@nadeowinataa_1 @maman1965 @PSSI Tetap semangat yo nggeeerrr anak2ku Garuda Timnas Indonesia kowe kabeh hebat tenan??????
1,48E+18;1,48E+18;2022-01-02 06:58:41 SE Asia Standard Time;99895840;yoyopie;POSITIF;@medioclubID @PSSI Bang @Gerindra bilangin bang, hidup seperti larry
1,48E+18;1,48E+18;2022-01-02 06:58:36 SE Asia Standard Time;1,12E+18;tomskinsss;POSITIF;@idlasupaldi @vocketfcID @PSSI @INABadminton Apa hubungannya sama PSSI? Kan yang nyedian hotel tuan rumah apalagi ini sistemnya bubble
1,48E+18;1,48E+18;2022-01-02 06:58:25 SE Asia Standard Time;1,17E+18;petrukbolong;POSITIF;@Oxyachmad_yusuf @PSSI Kalo role playing dedik itu istilah kerennya raumdeuter. Pemeriksa
1,48E+18;1,48E+18;2022-01-02 06:57:48 SE Asia Standard Time;1398748920;samlion1987;POSITIF;@PSSI_xOFC Kliru ngetik jeneng akun e pssi paling .. ??????
1,48E+18;1,48E+18;2022-01-02 06:56:52 SE Asia Standard Time;1,32E+18;ali261075;NEGATIF;@SLYTAEGGUKIE @PSSI Yg harus dipecat ketua pssinya
1,48E+18;1,48E+18;2022-01-02 06:56:47 SE Asia Standard Time;109993136;1rfani;NEGATIF;@Adirja7111 @ARMADA_1708 @a_er_te @jokowi Solusinya benahi @PSSI. Negara dgn populasi 270 juta sampai detik ini belum bisa mencari 11 pemain terbaik untuk mengalahkan Thailand dgn populasi 70 juta.
1,48E+18;1,48E+18;2022-01-02 06:55:04 SE Asia Standard Time;2993070998;gunawan31andika;POSITIF;@PSSI Dia akan jadi pemain top dan gelandang terbaik yg di miliki indonesia. Amin??????????
1,48E+18;1,48E+18;2022-01-02 06:54:56 SE Asia Standard Time;7,86E+17;bocahbiasa123;NEGATIF;@nadeowinataa_1 @PSSI Jancok ??
1,48E+18;1,48E+18;2022-01-02 06:54:53 SE Asia Standard Time;1,37E+18;mas_asihh;POSITIF;@ArmanSetiawan @PSSI Memalsukan data kelahiran 1-3 tahun ke bawah ini dilakukan dg tujuan agar si anak punya jenjang pengalaman yg lebih luas, karena kompetisi utk usia muda kita selalu dg embel2 usia. Turnamen U12, U15, U-18, dll.   Kecurangan ini juga dilakukan demi menciptakan skuad yg lebih kuat.
1,48E+18;1,48E+18;2022-01-02 06:54:46 SE Asia Standard Time;1,15E+18;rubby63275173;POSITIF;@zenrs Begitu dan begitu seterusnya.. ????  Yg harus di benahi itu adalah kompetisi nya.. Cc @PSSI
1,48E+18;1,48E+18;2022-01-02 06:54:03 SE Asia Standard Time;1,37E+18;pandacimory;NEGATIF;@PSSI Betul.. timnas yang dihati bukan kalian pssi
1,48E+18;1,48E+18;2022-01-02 06:53:13 SE Asia Standard Time;178632481;ganikurnia;POSITIF;Apresiasi dulu timnas indonesia, uyuhan liga domestiknya nya ga bener, sistemnya aneh, perangkatnya aneh, klubnya aneh, naturalisasi pemainnya sebagian besar cmn menguntungkan klub biar bisa ngakalin slot pemain asing, wasitnya juga aneh, PSSI nya bagus ??
1,48E+18;1,48E+18;2022-01-02 06:52:35 SE Asia Standard Time;1240778444;brndawhynikndy;POSITIF;Maafin ya Kevin, aku oleng ke bujang PSSI dulu
1,48E+18;1,48E+18;2022-01-02 06:52:04 SE Asia Standard Time;77940434;nyoemhokgie;NEGATIF;Mau STY, Luis Milla, Jurgen Klopp atau Pep Guardiola yg nglatih ya bisa jadi mentoknya cuma runner up. Ngerusak CV pelatih aja nih PSSI...
1,48E+18;1,48E+18;2022-01-01 06:48:52 SE Asia Standard Time;208580110;fajrinb;NEGATIF;@ainurohman Makanya yang kudu dibenerin yah @PSSI  nya  !!! Angkat pengurus kudu yang profesional, bukan orang-orang yang jadikan pssi sebagai kendaraan membangun citra dan kepentingan politik
1,48E+18;1,48E+18;2022-01-01 06:46:01 SE Asia Standard Time;2237503807;cuxsigarantang2;POSITIF;@PSSI melawan thailand kerenn abiss
1,48E+18;1,48E+18;2022-01-01 06:45:07 SE Asia Standard Time;186711857;ngokom;POSITIF;@PSSI Ketika ketum PSSI ngotot pengen ketemu pemapin di ruang ganti ??
1,48E+18;1,48E+18;2022-01-01 06:43:56 SE Asia Standard Time;1,43E+18;ocukam;NEGATIF;@BachrumAchmadi1 Ada 3 hal untuk itu  Benahi liga dalam negeri Sejahterakan pemain nya  Ketua PSSI jangan ada unsur politiknya
1,48E+18;1,48E+18;2022-01-01 06:39:18 SE Asia Standard Time;7,89E+17;bola_utama;POSITIF;Daftar Yang sangat Mudah dan Cepat di BolaUtama #SepakBolaIndonesia #ISL #PSSI
1,48E+18;1,48E+18;2022-01-01 06:38:35 SE Asia Standard Time;1,46E+18;yazidfathurrozi;POSITIF;Doa terbaik buat Indonesia Semoga juara piala AFF Aminn @PSSI  @TimnasIndonesia  https://t.co/crMWQrgP4a
1,48E+18;1,48E+18;2022-01-01 06:31:09 SE Asia Standard Time;513945168;nauval_jangkung;POSITIF;@PSSI Ketika ada foto Ketum PSSI ngajeblag gede
1,48E+18;1,48E+18;2022-01-01 06:28:16 SE Asia Standard Time;1,43E+18;thohar99618176;POSITIF;@tirta_cipeng @PSSI klo sdh di lakuin kira2 berapa thun petik hasilnya.??
1,48E+18;1,48E+18;2022-01-01 06:21:48 SE Asia Standard Time;38560333;trisetyarso;POSITIF;Prestasi terbesar Timnas Indonesia terakhir kali adalah Seminfinalis Asian Games 1986 dan Juara SEA Games 1991. Sejak itu kenapa tidak adalagi yang dapat dibanggakan? Para Ketua PSSI sejak 1986 s/d sekarang,  apakah tidak berminat membuat pengakuan dosa, ya?
1,48E+18;1,48E+18;2022-01-01 06:21:19 SE Asia Standard Time;1,47E+18;abahproject09;POSITIF;@tirta_cipeng @PSSI Betul... Dengan kompetisi yg ketat dan sehat, otomatis dapat menyaring bibit² yg berbakat. Sayangnya... kompetisi kita diurus orang yg salah Mulu.
1,48E+18;1,48E+18;2022-01-01 06:19:50 SE Asia Standard Time;181156564;ayijuf;NEGATIF;Reformasi total di @PSSI
1,48E+18;1,48E+18;2022-01-01 06:19:35 SE Asia Standard Time;1,05E+18;tongsate;POSITIF;@PSSI Harapan @pssi apa min di tahun ini ?
1,48E+18;1,48E+18;2022-01-01 06:16:58 SE Asia Standard Time;570554281;syafaat_ast;NEGATIF;@NdoroBambung @tirta_cipeng @PSSI yo nanti federasi gak dapet uang no mas,apa mau mereka kayak gitu?
1,48E+18;1,48E+18;2022-01-01 06:14:28 SE Asia Standard Time;1,14E+18;papercrownnn_;POSITIF;tahun baru semangat baru @PSSI  today is timnas day, ga berharap lebih juga sih:)
1,48E+18;1,48E+18;2022-01-01 06:12:11 SE Asia Standard Time;1464164028;seaworth_davoz;POSITIF;@PSSI Penalty kick S'pore ditahan Nadeo.
1,48E+18;1,48E+18;2022-01-01 06:11:11 SE Asia Standard Time;272233863;hendrikoe;POSITIF;@tirta_cipeng @PSSI Perbanyak proses, jangan Prokes aja dikuatkan, terutama saat melihat ada yang gak beres! Cuci tangan, jaga jarak, pake masker. Itu semua pake tanda kutip diatas ya.
1,48E+18;1,48E+18;2022-01-01 06:10:38 SE Asia Standard Time;38781972;sastradiputra;NEGATIF;@tirta_cipeng @PSSI Benahi PSSInya paling pas
1,48E+18;1,48E+18;2022-01-01 06:09:11 SE Asia Standard Time;1,02E+18;unclejames01;NEGATIF;Di leg 2 jangan lagi main bola syariah @PSSI dibantai tapi tak membalas, kelak Tuhan yang akan balas.
1,48E+18;1,48E+18;2022-01-01 06:07:59 SE Asia Standard Time;231243231;rizekamaulana;POSITIF;kalah menang, hari ini tetep nonton timnas @PSSI #TimnasDay
1,48E+18;1,48E+18;2022-01-01 06:04:28 SE Asia Standard Time;1,45E+18;masden_dend;POSITIF;@idextratime @PSSI setelah luis milla, ini STY head coach yg bagus dan cocok buat Indonesia, kita perlu berproses, pondasi sudah terbentuk tinggal membangun dan mengembangkan, tolong pertahankan??
1,48E+18;1,48E+18;2022-01-01 06:03:19 SE Asia Standard Time;1,26E+18;izharhuda;POSITIF;@PSSI Waktu lawan Thailand karena membuktikan seberapa kurangnya kwalitas liga dan pembinaan kita dengan mereka.
1,48E+18;1,48E+18;2022-01-01 06:02:38 SE Asia Standard Time;1,12E+18;fachsetiawan;POSITIF;@lisadepe Ga salah dong gw ngidolain Ajax ketimbang PSSi...  #EhGimanaSih
1,48E+18;1,48E+18;2022-01-01 06:02:38 SE Asia Standard Time;7,08E+17;dulqowi;POSITIF;@fedriza @PSSI Idem bro, sementara ini dulu aja harapannya utk PSSI...kalo kebanyakan ntar luber.  Semoga Tim Garuda ???? di leg 2 AFF nanti malam vs Tim Gajah ???? meraih hasil terbaik ????. Tidak ada yg tidak mungkin di dunia ini bila Ikhtiar keras kita diijabah Yang Maha Kuasa. Aamiin ??
1,48E+18;1,48E+18;2022-01-01 06:02:04 SE Asia Standard Time;1,28E+18;ganesha010180;NEGATIF;@SiaranBolaLive Ga habis pikir, PSSI menggunakan sumber daya dari pemerintah menggunakan uang rakyat, menikmati privilege dari pemerintah. Tp pemerintah ga boleh campur tangan. Ada apa sih PSSI dgn FIFA??? Mending pemerintah fokus aja lah sama Bulutangkis
1,48E+18;1,48E+18;2022-01-01 05:59:26 SE Asia Standard Time;1,33E+18;indones30065690;NEGATIF;@tirta_cipeng @PSSI Perusak Sepakbola Sejati Indonesia
1,48E+18;1,48E+18;2022-01-01 05:59:02 SE Asia Standard Time;1,28E+18;ganesha010180;NEGATIF;@SiaranBolaLive Problematik. Banyaknya sumber daya manusia malah jadi kutukan bangsa ini, terlalu banyak org yg ngasih energi negatif. Mudahnya org2 kontroversial menang kongres dan pimpin PSSI jg jd pertanyaan, ada apa dgn struktur PSSI keseluruhan? Smntr Pemerintah tdk boleh campur tangan ????
